项目,年度,年报文件,口径,页码,页码片段
p-000932,2022,华菱钢铁：2022年年度报告.pdf,合并,113,"账面余额 坏账准备 计提比例(%) 账龄组合 4,470,543,887.23 74,392,402.97 1.66 湖南钢铁集团合并报表范围内的关联方往 104,819,353.06 来组合 小计 4,5"
p-000932,2023,华菱钢铁：2023年年度报告.pdf,合并,119,"业承兑汇票终止确认 5.应收账款 (1)账龄情况 账龄 期末账面余额 期初账面余额 1年以内 5,201,902,939.71 4,443,069,255.06 1-2年 41,752,426.32 67,8"
p-000932,2024,华菱钢铁：2024年年度报告.pdf,合并,117,"的情况。 5.应收账款 （1）应收账款按账龄列示 账龄 年末账面余额 年初账面余额 1年以内 3,932,262,236.76 5,201,902,939.71 1-2年 24,481,044.35 41,7"
p-000959,2022,首钢股份：2022年年度报告.pdf,合并,126,"坏账准备的相关信息： □适用不适用 按账龄披露 单位：元 账龄 账面余额 1年以内(含1年) 1,492,629,056.11 1至2年 13,542,310.43 2至3年 3,980,837.55 3年以上"
p-000959,2022,首钢股份：2022年年度报告.pdf,母公司,182,"78,211.62 100.00% 账龄较长 逾期追索票据 2,000,000.00 2,000,000.00 100.00% 逾期追索票据 合计 8,578,211.62 8,578,211.62 按组"
p-000959,2023,首钢股份：2023年年度报告.pdf,合并,112,"3,997.19 3、应收账款 (1)按账龄披露 单位：元 账龄 期末账面余额 期初账面余额 1年以内(含1年) 1,411,727,072.17 1,492,629,056.11 1至2年 3,579,859"
p-000959,2023,首钢股份：2023年年度报告.pdf,母公司,164,"报表主要项目注释 1、应收账款 (1)按账龄披露 单位：元 账龄 期末账面余额 期初账面余额 1年以内(含1年) 1,435,785,435.03 1,398,579,212.14 2至3年 2,197,756"
p-000959,2024,首钢股份：2024年年度报告.pdf,合并,99,"7,797.19 3、应收账款 (1)按账龄披露 单位：元 账龄 期末账面余额 期初账面余额 1年以内(含1年) 1,658,378,007.78 1,411,727,072.17 1至2年 41,912,86"
p-000959,2024,首钢股份：2024年年度报告.pdf,母公司,149,"报表主要项目注释 1、应收账款 (1)按账龄披露 单位：元 账龄 期末账面余额 期初账面余额 1年以内(含1年) 2,465,069,041.78 1,435,785,435.03 1至2年 30,591,80"
p-600019,2015,宝钢股份：2015年年度报告.pdf,合并,98,组合中，按账龄分析法计提坏账准备的应收账款： √适用□不适用 单位：元 币种：人民币 期末余额 期初余额 账龄 计提 计提比应收账款 坏账准备 应收账款 坏账准备 比例 例(
p-600019,2015,宝钢股份：2015年年度报告.pdf,母公司,169,"应收账款账龄如下： 单位：元 币种：人民币 年末数 年初数 账龄 比例 金额 比例(%) 坏账准备 账面价值 金额 坏账准备 账面价值(%) 1年以内 13,397,6"
p-600019,2016,宝钢股份：2016年年度报告.pdf,合并,130,",158,063,277.11 应收账款账龄如下： 单位:元 币种:人民币 年末余额 年初余额 账龄 金额 比例(%) 坏账准备 账面价值 金额 比例(%) 坏账准备 账面价值 1年以内 10,234"
p-600019,2016,宝钢股份：2016年年度报告.pdf,合并,131,"0,613,092.34 3 注1 账龄较长的应收款项 177,914,384.74 177,914,384.74 100 130,707,350.43 130,707,350.43 100 注2 合计"
p-600019,2016,宝钢股份：2016年年度报告.pdf,母公司,213,"应收账款账龄如下： 单位:元 币种:人民币 期末数 期初数账龄 金额 比例(%) 坏账准备 账面价值 金额 比例(%) 坏账准备 账面价值 1年以内 17,952,18"
p-600019,2017,宝钢股份：2017年年度报告.pdf,合并,128,应收账款账龄如下： 单位：元 币种：人民币 年末余额 年初余额(已重述)账龄 金额 比例(%) 坏账准备 账面价值 金额 比例(%) 坏账准备 账面价值 1年以内 11
p-600019,2017,宝钢股份：2017年年度报告.pdf,母公司,211,"应收账款账龄如下： 单位：元 币种：人民币 期末余额 期初余额 账龄 比例金额 坏账准备 账面价值 金额 比例(%) 坏账准备 账面价值 (%) 1年以内 10,773"
p-600019,2018,宝钢股份：2018年年度报告.pdf,合并,134,"应收账款 (1).应收账款的账龄如下: 单位:元 币种:人民币 年末数 年初数账龄 金额 比例(%) 坏账准备 账面价值 金额 比例(%) 坏账准备 账面价值 1年以内 12,230,61"
p-600019,2018,宝钢股份：2018年年度报告.pdf,合并,135,"57,717,392.72元）。 注2：账龄3年以上且收回的可能性极小，故全额计提坏账准备。 组合中，按账龄分析法计提坏账准备的应收账款 √适用□不适用 单位：元 币种：人民币 期末余额 期初余额账龄 应收账款 坏"
p-600019,2018,宝钢股份：2018年年度报告.pdf,母公司,223,"应收账款 (1).应收账款的账龄分析 单位：元 币种：人民币 期末余额 期初余额 账龄 比例 比例金额 坏账准备 账面价值 金额 坏账准备 账面价值 (%) (%) 1年以内 15,77"
p-600019,2018,宝钢股份：2018年年度报告.pdf,母公司,224,"22,621,133.24 - 注1：账龄一年内无重大收款问题，大额应收款项全部来自于关联方，根据公司坏账准备计提政策不计提坏账准备。 注2：账龄3年以上且收回的可能性极小，故全额计提坏账准备。 组合中，按账龄分析法计"
p-600019,2019,宝钢股份：2019年年度报告.pdf,合并,141,"用√不适用 6. 应收账款 (1).按账龄披露 √适用□不适用 单位：元 币种：人民币 账龄 期末账面余额 期初账面余额 1年以内小计 10,784,848,902.80 11,985,056,075.36"
p-600019,2019,宝钢股份：2019年年度报告.pdf,母公司,230,"要项目注释 1. 应收账款 (1).按账龄披露 √适用□不适用 单位：元 币种：人民币 账龄 期末账面余额 期初账面余额 1年以内小计 19,954,202,764.49 15,770,768,764.56"
p-600019,2020,宝钢股份：宝钢股份2020年年度报告全文.pdf,合并,127,"□适用√不适用 5、应收账款 (1).按账龄披露 √适用□不适用 单位：元 币种：人民币 账龄 期末账面余额 期初账面余额 1年以内小计 9,581,317,522.92 9,791,713,048.45 1至"
p-600019,2020,宝钢股份：宝钢股份2020年年度报告全文.pdf,母公司,226,"表主要项目注释 1、应收账款 (1).按账龄披露 √适用□不适用 单位：元 币种：人民币 账龄 期末账面余额 期初账面余额 1年以内小计 19,432,791,607.53 19,954,202,764.49"
p-600019,2021,宝钢股份：宝钢股份2021年年度报告全文.pdf,合并,158,"□适用√不适用 5、应收账款 (1).按账龄披露 √适用□不适用 单位：元 币种：人民币 账龄 期末账面余额 期初账面余额 1年以内小计 12,052,711,810.17 9,744,228,371.71 1"
p-600019,2021,宝钢股份：宝钢股份2021年年度报告全文.pdf,母公司,267,"表主要项目注释 1、应收账款 (1).按账龄披露 √适用□不适用 单位：元 币种：人民币 账龄 期末账面余额 期初账面余额 1年以内小计 19,976,785,920.25 19,432,791,607.53"
p-600019,2022,宝钢股份：宝钢股份2022年年度报告全文.pdf,合并,153,"□适用√不适用 5、应收账款 (1).按账龄披露 √适用□不适用 单位：元 币种：人民币 账龄 期末账面余额 1年以内 15,410,837,030.42 1年以内小计 15,410,837,030.42 1至2"
p-600019,2022,宝钢股份：宝钢股份2022年年度报告全文.pdf,母公司,268,"表主要项目注释 1、应收账款 (1).按账龄披露 √适用□不适用 单位：元 币种：人民币 账龄 期末账面余额 1年以内 18,242,570,817.10 1年以内小计 18,242,570,817.10 1至2"
p-600019,2023,宝钢股份：宝钢股份2023年年度报告全文.pdf,合并,157,"□适用√不适用 5、应收账款 (1).按账龄披露 √适用□不适用 单位：元 币种：人民币 账龄 期末账面余额 期初账面余额 1年以内 13,936,203,725.25 15,410,837,030.42 1年"
p-600019,2024,宝钢股份：宝钢股份2024年年度报告.pdf,合并,155,"□适用√不适用 5、应收账款 (1).按账龄披露 √适用□不适用 单位：元 币种：人民币 账龄 期末账面余额 期初账面余额 1年以内 其中：1年以内分项 1年以内 13,469,023,635.96 13,93"
p-600019,2024,宝钢股份：宝钢股份2024年年度报告.pdf,母公司,262,"表主要项目注释 1、应收账款 (1).按账龄披露 √适用□不适用 单位：元 币种：人民币 账龄 期末账面余额 期初账面余额 1年以内 12,225,638,668.42 14,285,270,262.68 1年"
