claim_id,claim_text,source_page,is_substantive,is_template,missing_elements,conclusion,reviewer,预判,预判理由
cl-c1693cd980bb,中南美市场开拓有效，销量同比增长32%。,16,1,0,"[""period""]",p_penalty,赵雨洁,模型预填 deepseek-chat@v1,公司说自己在「中南美市场开拓」上「销量同比增长32%」，有对象（中南美市场销量）、有结果（增长32%），但未指明是哪一年/哪一期。
cl-135659f255bb,宝钢股份各基地结合自身特点和当地政府要求，开展对标找差工作，从“排放地图”过程管理、固废零出厂、厂容环境改善等多方面推进城市钢厂建设，主要环保指标实绩得到持续改善，重点污染源在线排放100％过程达标，全年无重大环境风险事件。,28,1,0,"[""period""]",p_penalty,赵雨洁,模型预填 deepseek-chat@v1,公司自述各基地开展对标找差、推进城市钢厂建设，并给出重点污染源在线排放100%过程达标、全年无重大环境风险事件等具体结果，属实质经营表述。
cl-36b13e2deabf,同质化产品形成区域市场控制力，产品销量同比增长。,27,1,0,"[""period"", ""metric"", ""result""]",p_penalty,赵雨洁,模型预填 deepseek-chat@v1,公司说明同质化产品形成区域市场控制力且产品销量同比增长，有对象和方向性结果，但未提具体期间、销量指标数值及增长幅度，缺period、metric、result。
cl-b635d0f7fd24,全年实现“1+1+N”产品销量2538万吨，销量同比上升183万吨。,11,1,0,"[""period""]",p_penalty,赵雨洁,,
cl-92c2bf38dd29,全年实现“1+1+N”产品销量2792万吨，同比上升10%。,11,1,0,"[""period""]",p_penalty,赵雨洁,模型预填 deepseek-chat@v1,"原文'全年实现""1+1+N""产品销量2792万吨，同比上升10%'有对象、指标、结果，但未写明具体年份，缺期间。"
cl-e53b08c55520,管理费用变动原因说明：得益于公司持续费用压降，管理费用同比略有下降。,13,1,0,"[""period""]",p_penalty,赵雨洁,,
cl-bb09ead52956,全年实现“1+1+N”产品销量3059万吨，同比上升9.6%，出口销量606.7万吨，同比上升3.9%。,11,1,0,"[""period""]",p_penalty,赵雨洁,模型预填 deepseek-chat@v1,"原文'全年实现""1+1+N""产品销量3059万吨，同比上升9.6%，出口销量606.7万吨，同比上升3.9%'有对象、指标、结果，但未写明具体年份，缺期间。"
cl-3fb49008e561,营业成本变动原因说明：主要受销售规模和原辅料价格下降影响，营业成本同比有所下降。,13,1,0,"[""period""]",p_penalty,赵雨洁,,
cl-9edb0835347e,销售费用变动原因说明：得益于公司持续推进费用压降，销售费用同比略有下降。,13,1,0,"[""period""]",p_penalty,赵雨洁,,
cl-911f298c98f4,管理费用变动原因说明：得益于公司持续推进费用压降，管理费用同比略有下降。,13,1,0,"[""period""]",p_penalty,赵雨洁,,
