project_id,claim_id,claim_text,source_page,is_substantive,is_template,missing_elements,conclusion,reviewer,预判,预判理由
↑ 项目编号（只读）——`p-600019` 宝钢 / `p-000932` 华菱钢铁 / `p-000959` 首钢,↑ 主张编号，不要改,↑ 主张原文（只读，供你判断）,↑ 页码（只读）,↑ 1 是实质经营表述 / 0 不是（0 不进 P 分母）,↑ 1 模板化或回避 / 0 不是,↑ 缺哪些要素，用 | 分隔：object|period|metric|result|owner,↑ pending / p_penalty / no_penalty / needs_review,↑ 复核人,↑ ← 这一行的前三列是模型预填的。**请注意复核，不要直接采信**,↑ 模型给的依据（只读）
p-000932,cl-0cbf02db1155,2.由于钢管行业产能过剩尤为严重，钢管市场持续低迷，出口贸易摩擦加剧，再加上对部分应收账款、存货和固定资产计提了减值准备，报告期华菱钢管亏损13.92亿元。,22,1,0,"[""[]""]",no_penalty,赵雨洁,,
p-000932,cl-b6374d656e29,2021年07408会议实地  个人  陈利波、陈友和、陈少慧等特钢比例、应收账款情况、分行比例等；,28,0,0,"[""[]""]",no_penalty,赵雨洁,,
p-000932,cl-976930889361,"营业成本61,807亿元，同比增长31.49%；",11,1,0,"[""[]""]",no_penalty,赵雨洁,,
p-000932,cl-7869080b0749,报告期财务费用为2.63亿元，同比降低56.03%，较同期历史最高值降低了24.98亿元。,12,1,0,"[""[]""]",no_penalty,赵雨洁,,
p-000932,cl-cff63d031371,2017年公司积极把握钢铁行业发展的窗口期，持续推进降本增效、市场开拓、技术创新、品种研发、结构调整、内部改革等各项工作，企业运营效率和竞争力明显增强。,12,1,1,"[""[\""metric\"", \""result\""]""]",p_penalty,赵雨洁,,
p-000932,cl-fc351c85d6b3,通过改善主要经济技术指标，优化工艺流程，公司全年吨钢工序成本同比降低87元。,12,1,0,"[""[]""]",no_penalty,赵雨洁,,
p-000932,cl-04cc84f0d726,2018年，宏观经济稳中有变，钢铁行业继续保持良好经营态势，公司上下居安思危，砥砺奋进，持续推进精益生产、销研产一体化、营销服务“三大体系”建设，加快产品结构调整、提高产品研发创新能力，坚定不移打赢高质量发展开局战，聚焦钢铁主业，坚定不移提效率、优结构、降杠杆、强改革、增效益，生产指标全面超目标、超预期、超历史纪录，经营业绩实现历史性突破，企业运营效率和竞争力明显增强。,13,1,1,"[""[\""metric\"", \""result\""]""]",p_penalty,赵雨洁,,
p-000932,cl-c459321a3d27,2019年度财务费用为9.42亿元，同比降低43.87%。,13,1,0,"[""[]""]",no_penalty,赵雨洁,,
p-000932,cl-eaa10dbf5a6b,公司以持续构建精益生产体系为主线、高炉稳定运行为中心、系统挖潜增效为抓手，全年生产高效稳定运行。,13,1,1,"[""[\""metric\"", \""result\""]""]",p_penalty,赵雨洁,,
p-000932,cl-122e6bc381b3,另外，设备、检修管理基础不断夯实，产供销运高效联动，助力全年实现增产增效。,14,1,1,"[""[\""metric\"", \""result\""]""]",p_penalty,赵雨洁,,
p-000932,cl-a5f3ce162f96,"报告期财务费用为-1,802.02万元，较同期历史最高值降低了27.79亿元。",14,1,0,"[""[]""]",no_penalty,赵雨洁,,
p-000932,cl-32281048077e,报告期财务费用为0.72亿元，较历史最高值降低26.89亿元。,15,1,0,"[""[]""]",no_penalty,赵雨洁,,
p-000932,cl-4187f5f0c816,报告期，公司坚持“铁水成本最优、低库存、精料+经济料方针、精准对标”四项原则，国内矿采购价格与行业对标较上年缩小差距62元/吨。,15,1,0,"[""[]""]",no_penalty,赵雨洁,,
p-000932,cl-9152d97817ea,2016年5月25日，公司与华菱集团签署《股权转让协议》，从华菱集团收购了湘潭节能100%股权，并于当日完成工商变更登记。,15,1,0,"[""[]""]",no_penalty,赵雨洁,,
p-000932,cl-ace8429049af,报告期，公司技术经济指标持续优化，华菱湘钢转炉钢铁料消耗、华菱涟钢高炉富氧率、华菱衡钢高炉利用系数等指标排名行业前三，7座炉机获全国重点大型耗能钢铁生产设备节能降耗对标竞赛“冠军炉”、“优胜炉”和“创先炉”。,15,1,0,"[""[]""]",no_penalty,赵雨洁,,
p-000932,cl-c14d088604bc,华菱集团于2016年5月10日在湖南省湘潭市设立了湘潭节能。,15,1,0,"[""[]""]",no_penalty,赵雨洁,,
p-000932,cl-05f03c3d30ad,"2022年公司财务费用为-1,802.02万元，较同期历史最高值降低了27.79亿元。",16,1,0,"[""[]""]",no_penalty,赵雨洁,,
p-000932,cl-091cb3462885,巩固主渠道、拓展新资源，原燃料各品种兑现率96%以上，采购成本对比行业平均同比进步1.8亿元，有效支撑了生产经营发展。,16,1,0,"[""[]""]",no_penalty,赵雨洁,,
p-000932,cl-0d6d0859c765,说明：2020年，新冠肺炎疫情在全球蔓延，对钢铁行业钢材出口产生一定影响，因此，公司出口的无缝钢管产品收入、成本同比有所下滑。,16,1,0,"[""[]""]",no_penalty,赵雨洁,,
p-000932,cl-39a0f6f422fb,2024年财务费用为0.88亿元，较同期历史最高值降低了26.73亿元。,16,1,0,"[""[]""]",no_penalty,赵雨洁,,
p-000932,cl-8f53d540a170,经公司2019年第二次临时股东大会批准，子公司华菱涟钢现金收购华菱节能100%股权。,16,1,0,"[""[]""]",no_penalty,赵雨洁,,
p-000932,cl-9e3bb08df026,报告期，公司多项技术经济指标达到行业先进水平，子公司华菱湘钢2#高炉、新二烧在全国冶金装备对标竞赛中分别获“创先炉”“优胜炉”，华菱涟钢7#高炉获“冠军炉”；,16,1,0,"[""[]""]",no_penalty,赵雨洁,,
p-000932,cl-dcddfd378e84,报告期，华菱湘钢转炉钢铁料消耗、华菱涟钢7#高炉燃料比、阳春新钢铁水成本等指标排名行业前列，6座炉机获全国重点大型耗能钢铁生产设备节能降耗对标竞赛“优胜炉”和“创先炉”。,16,1,0,"[""[]""]",no_penalty,赵雨洁,,
p-000932,cl-1d4123fe7c80,变更口径的理由近年来，公司贸易板块营收规模逐步增加，占营业收入比例已超过10%，为更清晰地反映公司营业收入和营业成本的构成，报告期变更分类口径。,17,1,0,"[""[]""]",no_penalty,赵雨洁,,
p-000932,cl-1dc8e1d754c5,√是□否为加强对华菱湘钢区域发电资产的统一管理，华菱湘钢于2021年3月新设子公司湘钢节能发电；,17,1,0,"[""[]""]",no_penalty,赵雨洁,,
p-000932,cl-8252e72dffcb,报告期内公司经营活动产生的现金净流量与本年度净利润存在重大差异的原因说明√适用□不适用报告期内公司经营活动产生的现金净流量66亿元，本年度净利润-15.5亿元，相差81.5亿元，产生差异的主要因素为：折旧28亿元、财务费用19亿元、经营性应付项目的增加约26亿元、经营性应收项目的减少约7.6亿元、计提资产减值准备4.3亿元等。,17,1,0,"[""[]""]",no_penalty,赵雨洁,,
p-000932,cl-95ec384699a7,相关数据同比发生重大变动的主要影响因素说明√适用□不适用（1）本年度公司经营活动产生的现金流量净额同比减少36.16%，主要是筹资活动流入现金增多，为节约财务费用，减少了票据贴现，经营活动现金流入增加额小于经营活动现金流出增加额。,17,1,0,"[""[]""]",no_penalty,赵雨洁,,
p-000932,cl-55669f173a4f,（2）本年度公司投资活动产生的现金流量净额为负，主要是由于公司提质增效、环保技改、信息化改造等固定资产投资支出同比增加，并以现金收购了阳春新钢和华菱节能股权；,18,1,0,"[""[]""]",no_penalty,赵雨洁,,
p-000932,cl-8016e829e459,说明：报告期，公司钢铁行业的制造费用及其他的营业成本同比减少，主要系原燃料、辅料等价格均同比下降，但是由于辅料价格降幅相对较少，导致其在营业成本中占比也相应下降。,18,1,0,"[""[]""]",no_penalty,赵雨洁,,
p-000932,cl-26d71189e0cd,说明：公司研发投入包括费用化部分（计入报表研发费用科目）和资本化部分（计入报表开发支出本期增加额）；,19,0,0,"[""[]""]",no_penalty,赵雨洁,,
p-000932,cl-501da417eeff,2-研发投入包括费用化部分（计入报表研发费用科目）和资本化部分（计入报表开发支出本期增加额）；,19,0,0,"[""[]""]",no_penalty,赵雨洁,,
p-000932,cl-5533e89ffe26,1-报告期，公司按照湖南省科技厅、统计局等相关主管部门要求调整研发费用的归集范围，保障管理技术口径和财务口径的统计相一致。,19,0,0,"[""[]""]",no_penalty,赵雨洁,,
p-000932,cl-c4c75de827ab,相关数据同比发生重大变动的主要影响因素说明√适用□不适用投资活动产生的现金流量净额同比增加31.82%，主要是由于公司2019年实施重大资产重组，支付现金29.29亿元购买关联方持有的华菱节能和阳春新钢股权，而2020年取得子公司支付的现金为0。,19,1,0,"[""[]""]",no_penalty,赵雨洁,,
p-000932,cl-0318d1c14382,说明：公司研发投入包括费用化部分（计入报表研发费用科目）和资本化部分（计入报表开发支出本期增加额）。,21,0,0,"[""[]""]",no_penalty,赵雨洁,,
p-000932,cl-3198b1fd724d,1.  受益于钢铁行业整体盈利水平的改善，同时通过发动全员降成本、调结构、挖内潜，公司下属子公司华菱湘钢、华菱涟钢报告期分别实现归属于母公司所有者的净利润26.09亿元、25.22亿元，同比增加24.90亿元、23.61亿元。,22,1,0,"[""[]""]",no_penalty,赵雨洁,,
p-000932,cl-50998bfba7aa,主要控股参股公司情况说明1.报告期内，钢铁行业经营形势有所好转，通过发动全员降成本、调结构、抓改革、增效益，华菱湘钢、华菱涟钢自二季度以来实现扭亏为盈，并实现全年盈利。,22,1,0,"[""[]""]",no_penalty,赵雨洁,,
p-000932,cl-739be7b87171,2、公司2024年筹资活动产生的现金流量净额同比增加，主要系本期外部融资环境变化，票据贴现成本低于贷款成本，融资性票据贴现同比增加所致。,22,1,0,"[""[]""]",no_penalty,赵雨洁,,
p-000932,cl-7c097d5fdfc1,2.  华菱钢管通过调整产品结构，大大降低钢管对油气行业的依赖程度，提升了在机械加工行业和其他行业的占比，同时通过内部大力降本增效，自2017年4月份当月扭亏并持续保持了月度盈利，报告期实现归属于母公司所有者的净利润0.78亿元，成功实现扭亏为盈。,22,1,0,"[""[]""]",no_penalty,赵雨洁,,
p-000932,cl-da8c91228d20,报告期投资额同比大幅增加主要是由于公司提质增效、环保技改、信息化改,22,1,0,"[""[]""]",no_penalty,赵雨洁,,
p-000932,cl-e5fd880b6033,统筹全局，系统规划公司生产经营的各要素和环节，坚持项目制驱动，推进对标挖潜，持续提升精益生产运行效率，确保实现2018年铁、钢、材产量计划。,23,1,,,pending,,,
p-000932,cl-e72ca3db94b9,湘潭节能  2016年5月25日，公司与华菱集团签署《股权转  有利于公司打造节能发电产业，提升公司资产质量和,23,1,0,"[""[\""metric\"", \""result\""]""]",p_penalty,赵雨洁,,
p-000932,cl-5d2181ce3956,"基于形势研判和行业对标，结合“三年高质量发展规划”任务分解，2020年公司的经营目标是产铁2,000万吨，钢2,400万吨，材2,300万吨。",24,1,0,"[""[]""]",no_penalty,赵雨洁,,
p-000932,cl-84822e49bded,有利于提升钢铁生产与节能发电之间的协同效应，增强公司的竞华菱节能  现金收购  争实力和持续经营能力主要控股参股公司情况说明子公司华菱湘钢、华菱涟钢、华菱钢管报告期分别实现净利润33.74亿元、25.23亿元、6.82亿元，同比分别下滑39.79%、30.38%、21.81%，主要是由于报告期钢材价格震荡下跌，而铁矿石价格持续攀升，对公司收入和生产成本带来一定的压力。,24,1,0,"[""[]""]",no_penalty,赵雨洁,,
p-000932,cl-3afb866d6a3a,湘钢混凝土公司  现金收购主要控股参股公司情况说明受益于供给侧结构性改革，钢铁行业市场秩序更加公平有序，企业效益持续改善，整体盈利水平的改善，同时通过发动全员降成本、调结构、挖内潜，公司下属子公司华菱湘钢、华菱涟钢、华菱钢管报告期分别实现归属于母公司所有者的净利润45.79亿元、34.69亿元、5.59亿元，同比增加19.70亿元、9.47亿元、4.81亿元。,25,1,0,"[""[]""]",no_penalty,赵雨洁,,
p-000932,cl-261b111a4e88,2021年02410会议实地  限产及碳中和对公司的影响、降成本的举措等；,26,0,0,"[""[]""]",no_penalty,赵雨洁,,
p-000932,cl-b9bdb2e04f6a,2021年02410会议实地  机构  永安国富  公司在湖南省内的市场份额、综合财务成本、资本开支计,26,0,0,"[""[]""]",no_penalty,赵雨洁,,
p-000932,cl-c1fd27e43449,"基于形势研判和行业对标，结合“三年高质量发展规划”任务分解，2019年公司的经营目标是产铁1,714万吨，钢2,080万吨，材1,985万吨。",26,1,0,"[""[]""]",no_penalty,赵雨洁,,
p-000932,cl-60ac3bc07dd5,2021年04401会议实地  平安基金、国泰基金、中银降低资产负债率目标、铁矿石成本差异、怎么应对碳中和机构月13日  室  调研  基金、东方证券等  等；,27,0,0,"[""[]""]",no_penalty,赵雨洁,,
p-000932,cl-8a60718a6d9c,2021年03410会议电话  睿远基金、圆信永丰、英大降成本的措施、采购FMG铁矿石的价格、应对铁矿石价机构月04日  室  沟通  资产、银河基金等  格上涨的策略等；,27,0,0,"[""[]""]",no_penalty,赵雨洁,,
p-000932,cl-95e89c0f6ee3,2021年04411会议电话  上投摩根、博远基金、银河出口退税的影响、公司产品在下游的占比、挖潜降本的规机构月29日  室  沟通  基金、广发基金等  划等；,27,0,0,"[""[]""]",no_penalty,赵雨洁,,
p-000932,cl-bfafd51d54e0,2021年03410会议实地  金元顺安基金、浦银理财、对下游需求看法、挖潜增效空间、资本开支计划等；,27,0,0,"[""[]""]",no_penalty,赵雨洁,,
p-000932,cl-b013560bf27a,2021年08410会议电话  南方基金、中金公司、太平公司在高强汽车板和电工钢方面的规划、研发费用增长原机构月30日  室  沟通  洋保险等  因等；,28,0,0,"[""[]""]",no_penalty,赵雨洁,,
p-000932,cl-058315a3ef9e,"为积极回报股东，让广大投资者参与和分享公司发展的经营成果，根据《公司章程》和《公司未来三年（2022-2024年度）股东回报规划》关于现金分红的规定，同时兼顾提质增效、节能环保、智能制造等领域的资本性支出需要，公司2024年年度利润分配预案为：拟以未来实施分配方案时股权登记日的总股本为基数，向全体股东每10股派发现金股利1.00元（含税），截至2025年3月20日，公司总股本6,908,632,499股扣除回购专户上已回购股份2,493,400股后剩余6,906,139,099股，以此测算共计派发现金690,613,909.90元，不送红股，不以资本公积转增股本。",30,1,0,"[""[]""]",no_penalty,赵雨洁,,
p-000932,cl-2b1761c0f373,2022年利润总额前十位的大型钢铁企业集团利润占中钢协全部会员企业利润合计的99.41%，这十家企业集团粗钢产量占会员企业的46.23%；,11,0,0,"[""[]""]",no_penalty,赵雨洁,,
p-000932,cl-6beb6e4b77f8,2022年，国际形势复杂严峻，国民经济运行面临“需求收缩、供给冲击、预期转弱”的三重压力冲击，全年GDP同比增长3%。,11,0,0,"[""[]""]",no_penalty,赵雨洁,,
p-000932,cl-c31b12f9834c,2021年，钢铁行业积极应对钢材市场阶段性需求快速变化、原燃料价格超常规上涨并高位波动、钢材价格创纪录冲高及后期明显回落等多重因素影响，继续深化供给侧结构性改革，巩固去产能成果，行业整体保持平稳运行态势。,11,0,0,"[""[]""]",no_penalty,赵雨洁,,
p-000932,cl-07004fda7566,"公司全年粗钢产量1,732万吨，钢材产量1,666万吨，分别较历史最优水平增长12%、12%；",12,1,0,"[""[]""]",no_penalty,赵雨洁,,
p-000932,cl-3045a547a74b,公司品种钢销量不断提升，占比已由2016年的32%增加到2024年的65%。,12,1,0,"[""[]""]",no_penalty,赵雨洁,,
p-000932,cl-31571031a4ec,图1：2021年分品种销量（万吨）  图2：2021年分下游销量占比同时，公司紧盯战略客户和国家重大标志性工程，提供周到细致的优质服务，推进营销渠道与客户资源升级，拓展高端客户群。,12,1,1,"[""[\""metric\"", \""result\""]""]",p_penalty,赵雨洁,,
p-000932,cl-38ce139f3638,同时，研发系统紧盯市场及客户需求，大力拓展高端市场和高附加值产品，全年重点品种钢销量626万吨，重点品种钢占比达到38%，同比提高6个百分点。,12,1,0,"[""[]""]",no_penalty,赵雨洁,,
p-000932,cl-568495780bec,2、持续推进以集成产品开发（IPD）项目经理制为载体的销、研、产一体化技术研发体系，进行新产品研发以及重点品种钢结构调整创效，全年重点品种钢销量达487万吨，占比提高至32%。,12,1,0,"[""[]""]",no_penalty,赵雨洁,,
p-000932,cl-69592e0e3ccb,图1：2023年分品种销量（万吨）  图2：2023年分下游销量占比公司紧盯战略客户和国家重大标志性工程，提供周到细致的优质服务，推进营销渠道与客户资源升级，拓展高端客户群。,12,1,1,"[""[\""metric\"", \""result\""]""]",p_penalty,赵雨洁,,
p-000932,cl-83889c594827,公司全年钢、材产量均创历史新高。,12,1,0,"[""[]""]",no_penalty,赵雨洁,,
p-000932,cl-a750b1013d59,图1：2024年分品种销量（万吨）  图2：2024年分下游销量占比公司紧盯战略客户和国家重大标志性工程，提供周到细致的优质服务，推进营销渠道与客户资源升级，拓展高端客户群。,12,1,1,"[""[\""metric\"", \""result\""]""]",p_penalty,赵雨洁,,
p-000932,cl-adba145e6aa9,公司品种钢销量不断提升，占比已由2016年的32%增加到2023年的63%。,12,1,0,"[""[]""]",no_penalty,赵雨洁,,
p-000932,cl-ba9552b729c6,公司品种钢销量不断提升，占比已由2016年的32%增加到2021年的55%。,12,1,0,"[""[]""]",no_penalty,赵雨洁,,
p-000932,cl-eb5bae7f2a0e,公司品种钢销量不断提升，占比已由2016年的32%增加到2022年的60%。,12,1,0,"[""[]""]",no_penalty,赵雨洁,,
p-000932,cl-1cfe41a97b69,积极响应国内大循环，高压气瓶管销量同比增长83%。,13,1,0,"[""[]""]",no_penalty,赵雨洁,,
p-000932,cl-2467ab17bbb1,2023年取向硅钢基料销量达57.42万吨，创造新的纪录。,13,1,0,"[""[]""]",no_penalty,赵雨洁,,
p-000932,cl-297305c796cf,其中，湘钢区域、涟钢区域、衡钢区域钢产量较上年分别增长3.5%、8.7%、5.7%，VAMA实现季度达产；,13,1,0,"[""[]""]",no_penalty,赵雨洁,,
p-000932,cl-40b6760375df,2019年实现重点品种钢销量882万吨，同比增长10.25%，品种钢占比由2018年的42%提高到45%。,13,1,0,"[""[]""]",no_penalty,赵雨洁,,
p-000932,cl-41c04953ce68,"钢材销量1,849万吨，同比增长12%；",13,1,0,"[""[]""]",no_penalty,赵雨洁,,
p-000932,cl-4719e59a530c,其中，变压器和新能源汽车电机领域，华菱涟钢已经积累了成熟的电工钢生产经验与理论基础，在取向电工钢基料供应方面已实现普通取向、升级版取向、高磁感取向原料系列牌号全覆盖，2022年取向硅钢基料产销量超40万吨，创造新的纪录；,13,1,0,"[""[]""]",no_penalty,赵雨洁,,
p-000932,cl-6ae20e02e6b7,"报告期内，公司完成钢材产量2,516万吨、销量2,513万吨，分别同比增长9.95%、8.40%；",13,1,0,"[""[]""]",no_penalty,赵雨洁,,
p-000932,cl-842d82fb69d3,汽车板公司产品认证取得突破，汽车板销量同比增长31%，其中专利产品Usibor®1500完成销量20.5万吨，同比增长46%。,13,1,0,"[""[]""]",no_penalty,赵雨洁,,
p-000932,cl-98bb6b06ab07,"报告期内，公司完成钢材产量2,288万吨、销量2,318万吨，分别同比增长6.32%、7.44%；",13,1,0,"[""[]""]",no_penalty,赵雨洁,,
p-000932,cl-aee41b960e69,全年铁、钢、材产量分别比上年净增145万吨、241万吨、171万吨，创造了年产新纪录，月产、日产、班产纪录多次刷新；,13,1,0,"[""[]""]",no_penalty,赵雨洁,,
p-000932,cl-b2ad2af349cf,"报告期，公司共13个大类品种61个钢种替代“进口”，完成重点品种钢销量1,410万吨（详见下表），占比55%，较2020年提升3个百分点。",13,1,0,"[""[]""]",no_penalty,赵雨洁,,
p-000932,cl-db7ec9eb6258,其中，华菱湘钢成功开发了144mm超厚水电钢、高等级耐候桥梁钢、4800mm超宽车厢用耐磨钢、汽车凸轮轴用钢等新品种，2019年中厚板销量位居全国首位；,13,1,0,"[""[]""]",no_penalty,赵雨洁,,
p-000932,cl-de4adb6350a3,"报告期，粗钢和钢材产量分别完成2,678万吨、2,516万吨，同比分别增长10.16%、9.95%，破历史纪录；",13,1,0,"[""[]""]",no_penalty,赵雨洁,,
p-000932,cl-f8bf61900f54,无缝钢管方面，抢抓国内油气资源，非API油套管销量同比增长79%，HSG3特殊扣实现量产；,13,1,0,"[""[]""]",no_penalty,赵雨洁,,
p-000932,cl-52bc5c6390e0,2024年，钢铁行业持续深度调整，行业运行呈现高产量、高成本、高出口、低需求、低价格、低效益的“三高三低”局面，行业供需矛盾突出、供销两头剪刀差扩大，钢铁企业面临严峻挑战。,14,0,0,"[""[]""]",no_penalty,赵雨洁,,
p-000932,cl-56cd182d7e90,全年开发特厚齿条钢、管坯用钢、高强车轮钢、高锰无磁钢、高强度气瓶管等新品种180多项，新增30个钢种“替代进口”，重点品种钢销量占比增至63%，较2022年再提升3个百分点，进一步巩固了公司拳头产品的技术优势和现有细分领域已建立的市场优,14,1,0,"[""[]""]",no_penalty,赵雨洁,,
p-000932,cl-6a824d7a28a8,汽车板公司Usibor®1500销量达46.3万吨，同比增长32%，Usibor®2000全球首次批量供应主机厂旗舰车型。,14,1,0,"[""[]""]",no_penalty,赵雨洁,,
p-000932,cl-c2c0850f6966,"报告期，公司完成品种钢销量1,298万吨（详见下表），占公司总销量的比例为52%。",14,1,0,"[""[]""]",no_penalty,赵雨洁,,
p-000932,cl-d1f018eedd61,华菱衡钢机加工用管销量同比增长95%，起重机臂架管增长3倍，荣获第六届“中国工业大奖表彰奖”。,14,1,0,"[""[]""]",no_penalty,赵雨洁,,
p-000932,cl-e24c276e4527,其中，华菱湘钢高强板、风电板、容器板等品种销量同比分别增长28.3%、66.3%、35.5%，桥梁钢销量突破100万吨，市场占有率稳居国内第一；,14,1,0,"[""[]""]",no_penalty,赵雨洁,,
p-000932,cl-ffceb45c3dd2,相关数据同比发生变动30%以上的原因说明√适用□不适用2016年钢材市场好转，公司加大产品销售力度，库存量降低。,14,1,0,"[""[]""]",no_penalty,赵雨洁,,
p-000932,cl-14ee9293cca2,全年实现汽车板销量92.55万吨，占比进一步提升至80%。,15,1,0,"[""[]""]",no_penalty,赵雨洁,,
p-000932,cl-5c91adb5f319,"重点品种钢销量1,588万吨，占比60%，较2021年提升5个百分点；",15,1,0,"[""[]""]",no_penalty,赵雨洁,,
p-000932,cl-9605c7c65a5a,瞄准工业用钢领域高端化转型方向，全年实现26个高精尖产品首发，18个钢种国产替代进口，重点品种钢销量占比达到65%，较2023年再提升2个百分点。,15,1,0,"[""[]""]",no_penalty,赵雨洁,,
p-000932,cl-aa133fbabbe6,相关数据同比发生变动30%以上的原因说明√适用□不适用报告期内，子公司华菱涟钢自2018年起对部分战略客户提供“零库存”服务，调整部分产品结算方式，导致产成品库存同比增长。,15,1,0,"[""[]""]",no_penalty,赵雨洁,,
p-000932,cl-ee4ecd2c0ea9,薄板方面，华菱涟钢新开发高强车轮钢、高锰无磁钢、超高强钢等31个产品，实现超高碳工具钢SK2国内首发、高铜不粘锅用钢工艺全球首创，取向硅钢热轧基料年销量同比提升25%；,15,1,0,"[""[]""]",no_penalty,赵雨洁,,
p-000932,cl-6cfc7d1a8743,加大国际化布局，持续拓展海外高端市场，全年完成高端钢材产品出口销量168万吨，同比增长7.68%，海外收入在营业收入中占比8.13%，同比提升2.33个百分点。,16,1,0,"[""[]""]",no_penalty,赵雨洁,,
p-000932,cl-6b199ddf5b73,相关数据同比发生变动30%以上的原因说明适用□不适用受市场下游需求及春节假期等因素影响，公司报告期末库存量有所增加。,17,1,0,"[""[]""]",no_penalty,赵雨洁,,
p-000932,cl-f364f090b2a6,相关数据同比发生重大变动的主要影响因素说明√适用□不适用（1）本年度公司经营活动的现金流量净额同比增加56.73%，主要是由于钢价上涨及销量增加，经营活动现金流入增加额大于经营活动现金流出增加额。,17,1,0,"[""[]""]",no_penalty,赵雨洁,,
p-000932,cl-a1062f4e93fa,相关数据同比发生变动30%以上的原因说明☑适用□不适用公司2024年库存量同比上升，主要系受在途商品及收发货确认等影响。,18,1,0,"[""[]""]",no_penalty,赵雨洁,,
p-000932,cl-e52799289186,相关数据同比发生重大变动的主要影响因素说明√适用□不适用（1）本年度公司经营活动产生的现金流量净额同比增加228.58%，主要是由于钢价上涨及销量增加，经营活动现金流入增加额大于经营活动现金流出增加额所致。,18,1,0,"[""[]""]",no_penalty,赵雨洁,,
p-000932,cl-b2c827c37593,"用于汽车行  中国证券报、2016年3业的冷轧钢  证券时报及月，电工钢  因尚处板、镀锌钢板  巨潮资讯网公司完成  引入了于达产产品和其他  上的《关于收电工钢公  股权转让  安赛乐期，报特殊钢制品  安  购华菱集团司股权评  和股权交  米塔尔告期亏的生产、开  赛  2015所持有的电估作价  主要生割，汽车板的先进损3.84汽车板发、加工，销  乐  年04工钢公司增资395,502,236.20  51%38,759.32  20年产销售公司完成  汽车板亿元，否公司  售和经销自  米  月3050%股权并万元，另外  汽车板工商登记  生产技但2016制产品并提  塔  日  与安赛乐米支付现金  变更，电工术，盈年  12供相关售后  尔  塔尔共同增790.9万元  钢公司成  利前景月份已和技术咨询  资汽车板公为汽车板  良好  实现扭服务；",19,1,0,"[""[\""object\"", \""metric\"", \""result\""]""]",p_penalty,赵雨洁,,
p-000932,cl-ee331aa31bd7,相关数据同比发生重大变动的主要影响因素说明适用□不适用公司2023年经营活动产生的现金流量净额同比减少，主要系报告期下游需求改善不及预期，原燃料价格持续高位波动，公司净利润同比出现一定程度下滑；,21,1,0,"[""[]""]",no_penalty,赵雨洁,,
p-000932,cl-09e5e2af9f3a,其中，全年实现销量115万吨，其中汽车板销量92.55万吨，占比进一步提升至80%；,26,1,0,"[""[]""]",no_penalty,赵雨洁,,
p-000932,cl-45ed2e92d1af,2021年01410会议实地  对下游需求看法、降资产负债率的计划、汽车板公司盈利机构  华泰资管月28日  室  调研  情况等；,26,0,0,"[""[]""]",no_penalty,赵雨洁,,
p-000932,cl-660419f92172,2021年01410会议实地  华商基金、博时基金、泓德产量增长的空间、应对上游原燃料价格上涨的举措、十四机构月28日  室  调研  基金、长江证券等  五规划等；,26,0,0,"[""[]""]",no_penalty,赵雨洁,,
p-000932,cl-a4ac3c537640,进度、预计收益的情况  华菱涟钢2250热轧板厂热处理二期工程项目和华菱涟钢工程机械用高强钢产线建设项目本年度实现的效益未达预期效益，主和原因（含“是否达到  要是受房地产和基建行业下行影响，工程机械用钢需求同比大幅下滑，而原材料价格高企，使得毛利率较低所致。,26,1,0,"[""[]""]",no_penalty,赵雨洁,,
p-000932,cl-04b438cd48ee,"一是持续构建以高炉为中心的精益生产体系，确保高炉稳顺运行，提高产线效率效能，2021年粗钢产量达到2,800万吨；",27,1,0,"[""[]""]",no_penalty,赵雨洁,,
p-000932,cl-16247ffec939,2021年04411会议电话  ICICIPrudentialMutual  原材料价格、如何满足碳减排、钢材需求何时达到峰值等；,27,0,0,"[""[]""]",no_penalty,赵雨洁,,
p-000932,cl-1e0a1afc2032,2021年05410会议实地  铁矿石库存情况、公司产品下游占比情况、资产负债率下机构  财通基金、兴业证券月20日  室  调研  降目标等；,27,0,0,"[""[]""]",no_penalty,赵雨洁,,
p-000932,cl-44e40769d2da,2021年03410会议电话  铁矿石定价模式、下半年市场需求和钢价走势、降低资产其他  全体投资者月31日  室  沟通  负债率目标等；,27,0,0,"[""[]""]",no_penalty,赵雨洁,,
p-000932,cl-5201edef0db6,2021年041202会电话  广发基金、中植集团、长江高强钢和汽车板的规划、二季度订单情况、公司的分红政机构月28日  议室  沟通  证券、东吴证券等  策等；,27,0,0,"[""[]""]",no_penalty,赵雨洁,,
p-000932,cl-596a641f08ea,2023年，国内稳增长政策的落地到下游实际需求恢复需要一定时间，海外加息周期尚未结束，导致外需持续承压，钢材下游需求增长仍面临不确定性。,27,0,0,"[""[]""]",no_penalty,赵雨洁,,
p-000932,cl-80b3a1392711,二是基于高端定位及个性化需求持续构建高水平销研产一体化体系，加快品种结构升级，实现引领性原创成果重大突破与产品的迭代升级，全年品种钢销量同比实现两位数的增长。,27,1,0,"[""[]""]",no_penalty,赵雨洁,,
p-000932,cl-a13be1fd9de6,2021年05410会议电话  凯基投信、CLG、富邦人寿、产量压减的进度和力度、公司5G应用情况、如何应对碳机构月19日  室  沟通  凯基证券  排放等；,27,0,0,"[""[]""]",no_penalty,赵雨洁,,
p-000932,cl-a16edec9bd2a,2021年02410会议实地  2021年粗钢产量及劳动生产率目标、分红规划等；,27,0,0,"[""[]""]",no_penalty,赵雨洁,,
p-000932,cl-abbb3ae31b7b,2021年031202会电话  长江证券、睿远基金、中欧分红计划、产量情况、资本开支计划、出口情况等；,27,0,0,"[""[]""]",no_penalty,赵雨洁,,
p-000932,cl-d20b2ca53020,2021年03410会议实地  中欧基金、申万菱信、长安公司竞争优势、产品订单及库存、焦炭自给率等；,27,0,0,"[""[]""]",no_penalty,赵雨洁,,
p-000932,cl-db9accf2762f,该公司2024年11月开始运源有限公司  营，实现的利润较小，对公司生产经营和业绩无重大影响主要控股参股公司情况说明报告期，钢铁行业持续深度调整，行业运行呈现高产量、高成本、高出口、低需求、低价格、低效益的“三高三低”局面，行业供需矛盾突出、供销两头剪刀差扩大，钢铁企业生产经营面临较大挑战。,27,1,0,"[""[]""]",no_penalty,赵雨洁,,
p-000932,cl-1453cead08b7,股权处置价款为742.41万衡钢资源  出售  元，金额较小，对公司生产经营和业绩无重大影响主要控股参股公司情况说明1、报告期，在国家稳增长一系列举措的作用下，下游预期转强，但钢铁需求的实际恢复低于预期，上游原燃料价格仍维持高位，企业“两头承压”。,28,1,0,"[""[]""]",no_penalty,赵雨洁,,
p-000932,cl-5f7ce99e5efa,2021年071211会电话  OasisManagement(Hong  下游需求和订单情况、对钢铁行业和铁矿石价格未来的看机构月13日  议室  沟通  Kong)、国泰君安证券  法等；,28,0,0,"[""[]""]",no_penalty,赵雨洁,,
p-000932,cl-6100ea51c95e,2021年12402会电话  上投摩根基金、银华基金、明年的产量规划、汽车板公司盈利情况等；,28,0,0,"[""[]""]",no_penalty,赵雨洁,,
p-000932,cl-7dca87f41b32,2021年12402会电话  华泰证券资管、淡水泉、重大宗原材料采购策略、无缝钢管下游需求情况等；,28,0,0,"[""[]""]",no_penalty,赵雨洁,,
p-000932,cl-96b4ae5bfd1a,2021年12402会电话  淡水泉、中银基金、诺德基汽车板的生产经营情况、明年的产量规划等；,28,0,0,"[""[]""]",no_penalty,赵雨洁,,
p-000932,cl-beadedec56c0,2021年08410会议电话  工银瑞信、南方基金、睿远机构  下游需求情况、超低排放的计划等；,28,0,0,"[""[]""]",no_penalty,赵雨洁,,
p-000959,cl-0d0c0e6e089b,2021年，钢铁行业前三季度总体运行态势良好，实现了供需动态平衡，通过挖潜增效，努力克服了原燃料价格高位运行带来的影响，行业效益创历史最好水平。,9,0,0,"[""object"", ""metric"", ""result"", ""owner""]",no_penalty,会计方向初审-2026-10-10,模型预填 deepseek-chat@v1,主语是「钢铁行业」而非本公司，讲的是行业整体运行态势与行业效益，属于行业综述；虽提到「挖潜增效」「原燃料价格高位运行」，但未落到这家公司具体做了什么、做成了什么，故判非实质经营表述。
p-000959,cl-28ce7b139bce,2015年，面对钢铁行业产能过剩、产品市场价格竞争激烈、企业效益下滑的严峻形势，公司眼睛向内，加强管理，深入挖潜增效，优化产品结构，提高市场营销能力；,10,0,0,"[""metric"", ""result""]",no_penalty,会计方向初审-2026-10-10,模型预填 deepseek-chat@v1,前半句「钢铁行业产能过剩……严峻形势」是行业背景，但后半句明确以「公司」为主语，说了「加强管理、深入挖潜增效、优化产品结构、提高市场营销能力」等具体动作，属于公司自身经营表述；只是没有指标和结果，故 missing_elements 标 metric、result。
p-000959,cl-15147dcbdee8,首钢服务正在融入客户产品设计、质量设计和成本设计中，全年推进42项EVI先期介入项目。,11,1,0,"[""period"", ""result""]",no_penalty,会计方向初审-2026-10-10,模型预填 deepseek-chat@v1,公司说了自己干了什么——'首钢服务融入客户产品设计、质量设计和成本设计'并'全年推进42项EVI先期介入项目'，有对象（EVI项目）和数量（42项），但未明确是哪一年（'全年'未指明年度），也未说推进的结果如何。
p-000959,cl-172381a15ccb,京唐基地完善全工序、全流程对标体系，聚焦产线过程管控，设定的66项指标中34项达到或超过标杆企业，同比增长41.7%；,11,1,0,"[""period""]",no_penalty,会计方向初审-2026-10-10,模型预填 deepseek-chat@v1,说的是京唐基地的具体做法和成果——'66项指标中34项达到或超过标杆企业，同比增长41.7%'，有对象、指标、结果，但未指明是哪一年/哪一期。
p-000959,cl-28308a888024,成本费用利润率7.90%，同比提高4.32个百分点；,11,1,0,"[""object"", ""period"", ""owner""]",no_penalty,会计方向初审-2026-10-10,模型预填 deepseek-chat@v1,有具体指标和结果——'成本费用利润率7.90%，同比提高4.32个百分点'，但未说明是哪个主体（哪家公司/哪个板块）、哪一期，也未指明责任主体。
p-000959,cl-2f63f85df417,2022年，公司围绕打牢高质量发展基础工作主线，积极应对国家重大活动环保加严、物流受限等诸多困难，通过“环保提升、结构优化、降本增效、资金管控、对标提升”等方面工作的开展，积极化解市场不利影响，但受市场整体环境影响，报告期内公司经营业绩同比仍出现较大幅度降低。,11,1,0,"[""[\""[\\\""[\\\\\\\""metric\\\\\\\""]\\\""]\""]""]",no_penalty,会计方向初审-2026-10-10,模型预填 deepseek-chat@v1,公司说了自己2022年干了什么（应对环保加严、物流受限，开展环保提升、结构优化、降本增效等工作）以及干成什么样（经营业绩同比大幅降低），对象、期间、结果、主体都具备。
p-000959,cl-c60d245b320e,2017年面对环保加严，采暖季限产等多重困难和挑战，公司按照稳重求进、稳扎稳打原则，把握关键环节，抓住市场机遇，实现稳产顺产、增产增效。,11,1,0,"[""metric"", ""result""]",no_penalty,会计方向初审-2026-10-10,模型预填 deepseek-chat@v1,「面对环保加严，采暖季限产」是外部形势，但「公司按照稳中求进……实现稳产顺产、增产增效」以公司为主语，说了公司采取的原则与达成的经营状态，属实质经营表述；「稳产顺产、增产增效」偏定性、无具体指标数值，故标 metric、result 缺失。
p-000959,cl-82b9a8598b73,2023年，公司经营生产顺稳，技术经济指标稳中有升，产品结构、技术创新、绿色低碳、降本增效成绩显著。,12,1,1,"[""[\""[\\\""[\\\\\\\""metric\\\\\\\"", \\\\\\\""result\\\\\\\""]\\\""]\""]""]",p_penalty,会计方向初审-2026-10-10,模型预填 deepseek-chat@v1,有期间（2023年）和对象（经营生产、产品结构、技术创新等），但'顺稳''稳中有升''成绩显著'均为无具体指向的概括性表述，没有可指向的数字或事件，属套话。
p-000959,cl-ba3ee5fd1843,创建符合股份自身的特点的精益JIET管理体系，以“经济准时”交付为中心，建立生产拉动和经营拉动的双拉动的运营模式，不断完善六西格玛应用体系，强化全员精益意识、经营意识，坚持对标找差、挂图作战，建立107个阿米巴经营体，全年实施精益快速改善项目474个，焦点课题372项，建立41个备件修复室。,12,1,0,"[""period""]",no_penalty,会计方向初审-2026-10-10,模型预填 deepseek-chat@v1,描述了公司创建精益JIET管理体系、双拉动运营模式、建立107个阿米巴经营体、实施474个改善项目、372项焦点课题、41个备件修复室等具体做法和数字，但未指明是哪一年。
p-000959,cl-c09536463060,2024年，公司经营生产顺稳，在产品结构、技术创新、绿色低碳、智能制造、内部降本、ESG管理方面成绩显著。,12,1,1,"[""[\""[\\\""[\\\\\\\""metric\\\\\\\"", \\\\\\\""result\\\\\\\""]\\\""]\""]""]",p_penalty,会计方向初审-2026-10-10,模型预填 deepseek-chat@v1,有期间（2024年）和对象（产品结构、技术创新、绿色低碳等），但'顺稳''成绩显著'没有具体数字或事件支撑，属套话。
p-000959,cl-c0a9890c5ba4,深化市场化运作，系统协同，降低原材料成本，产品结构优化，扩大资源循环利用，降低综合成本，全年实现降本增效64亿元。,12,1,0,"[""period""]",no_penalty,会计方向初审-2026-10-10,模型预填 deepseek-chat@v1,有具体做法（市场化运作、降低原材料成本、产品结构优化、资源循环利用）和具体结果（'全年实现降本增效64亿元'），但'全年'未指明是哪一年。
p-000959,cl-a7b8520871f0,迁顺基地全力以赴推进固体二次资源产线建设、加工、回吃，全年消化二次资源增效超6亿元。,13,1,0,[],no_penalty,会计方向初审-2026-10-10,模型预填 deepseek-chat@v1,公司自述迁顺基地推进固体二次资源产线建设、加工、回吃，并给出全年消化二次资源增效超6亿元的具体结果，对象、期间、结果齐全。
p-000959,cl-95146abea2f2,报告期内公司经营活动产生的现金净流量与本年度净利润存在重大差异的原因说明√适用□不适用报告期内公司经营活动产生的现金净流量78.6亿元，本年度净利润4.7亿元，相差73.9亿元，产生差异主要因素为：折旧48.2亿元，财务费用18.4亿元，经营性应付、应收项目净增加增加8.4亿元等。,16,1,0,[],no_penalty,会计方向初审-2026-10-10,模型预填 deepseek-chat@v1,公司说明经营活动现金净流量78.6亿元与净利润4.7亿元差异73.9亿元的具体原因（折旧48.2亿元、财务费用18.4亿元等），有对象、期间、指标、结果。
p-000959,cl-f95f0e4b74ec,"募集资金总体使用情况说明报告期内，公司非公开发行人民币普通股(A股)募集配套资金总额为823,399,977.75元,扣除主承销商承销费用后，公司募集资金专项账户收到认购款812,927,978.08元,扣除本次重组独立财务顾问及其他相关费用后，募集资金净额为人民币794,365,426.24元。",20,1,0,[],no_penalty,会计方向初审-2026-10-10,模型预填 deepseek-chat@v1,"公司披露非公开发行募集配套资金总额823,399,977.75元、到账812,927,978.08元、净额794,365,426.24元的具体金额，属实质经营表述。"
p-000959,cl-d495983b2b4b,"报告期内，使用募集资金6,944.03万元，用于京唐公司铁前系统节能降耗综合改造项目。",21,1,0,"[""[\""[]\""]""]",no_penalty,会计方向初审-2026-10-10,模型预填 deepseek-chat@v1,"公司说明报告期内使用募集资金6,944.03万元用于京唐公司铁前系统节能降耗综合改造项目，对象、期间、指标、结果齐全。"
p-000959,cl-6a2b07a93af2,长江证券赵超，易  就投资者关注的公司  详见公司于2024年2024年  方达基金何进阳、  产品发展规划、汽车  4月26日在互动平04月25  公司会议室  电话沟通  机构  涂程亮、胡致远，  板需求、降本措施、  台发布的投资者活日  广发证券李莎，大  出口情况、资本开支  动记录。,23,0,0,"[""[]""]",no_penalty,会计方向初审-2026-10-10,模型预填 deepseek-chat@v1,这是投资者活动记录表格的碎片化行内容（机构名称、日期、地点、沟通方式等），并非公司对自身经营活动的完整表述，判为非实质表述。
p-000959,cl-473d0c32450b,就投资者关注的降本  详见公司于2024年2024年  广发证券陈琪玮，  措施、电工钢需求及  6月5日在互动平06月04  公司会议室  电话沟通  机构  中欧基金郑思恩  未来高端电工钢占比  台发布的投资者活日  等问题进行解答。,24,0,0,"[""[\""[\\\""[\\\\\\\""object\\\\\\\"", \\\\\\\""period\\\\\\\"", \\\\\\\""metric\\\\\\\"", \\\\\\\""result\\\\\\\"", \\\\\\\""owner\\\\\\\""]\\\""]\""]""]",no_penalty,会计方向初审-2026-10-10,模型预填 deepseek-chat@v1,这是投资者活动记录表格的碎片化行内容（机构名称、日期、地点、沟通方式等），并非公司对自身经营活动的完整表述，判为非实质表述。
p-000959,cl-86a491390958,华泰证券、海通证券、公司经营生产、品种  举办机构投资者电华宝证券、南华期货、结构优化、降本增效2021年02  公司会议  电话  话沟通会，详细情况机构  睿远基金、工银瑞信基  等情况进行说明并月01日  室  沟通  于2021年2月2日金等10余家机构的分  对投资者所关心的  在互动平台披露析师  问题进行解答,24,0,0,"[""object"", ""period"", ""metric"", ""result"", ""owner""]",no_penalty,会计方向初审-2026-10-10,模型预填 deepseek-chat@v1,这是投资者电话沟通会记录表格的碎片化行内容（机构名称、日期、地点、沟通方式等），并非公司对自身经营活动的完整表述，判为非实质表述。
p-000959,cl-1779cc5f273f,船舶工业保持良好发展势头，2024年我国造船完工量同比增长13.8%，新接订单量同比增长58.8%；,9,0,0,"[""[\""[\\\""[\\\\\\\""owner\\\\\\\""]\\\""]\""]""]",no_penalty,会计方向初审-2026-10-10,模型预填 deepseek-chat@v1,说的是2024年我国造船完工量、新接订单量增速，主体是船舶工业整体，属行业综述。
p-000959,cl-38454c03fa50,家电行业在政策激励、消费升级和出口增长等驱动因素下保持稳定增长，空调、冰箱、洗衣机、彩电全年累计产量分别同比增长9.7%、8.3%、8.8%、4.6%。,9,0,0,"[""[\""object\"", \""owner\""]""]",no_penalty,会计方向初审-2026-10-10,模型预填 deepseek-chat@v1,讲的是家电行业在政策等因素下空调、冰箱等产量增速，是行业整体情况，未指向本公司。
p-000959,cl-95bf38699efd,其中，绿色低碳驱动的新能源行业用钢需求呈现出快速增长的态势，2024年新能源汽车产量完成1288.8万辆，同比增长34.4%；,9,0,0,"[""[\""[\\\""[\\\\\\\""owner\\\\\\\""]\\\""]\""]""]",no_penalty,会计方向初审-2026-10-10,模型预填 deepseek-chat@v1,讲的是新能源行业用钢需求及2024年全国新能源汽车产量1288.8万辆，是行业需求背景，不是公司自身经营。
p-000959,cl-af619b2764ca,受产能、产量双控政策影响，2021年全国累计生产生铁8.69亿吨，同比下降4.3%；,9,0,0,"[""owner""]",no_penalty,会计方向初审-2026-10-10,模型预填 deepseek-chat@v1,说的是2021年全国生铁产量8.69亿吨、同比下降4.3%，属于行业宏观综述，不是这家公司自己的经营情况。
p-000959,cl-c015bf3d2c02,"2022年我国电工钢产业健康发展，其中取向电工钢产量约217万吨，无取向电工钢产量约1,092万吨，是全球第一的电工钢产地。",9,0,0,"[""[\""[\\\""[\\\\\\\""owner\\\\\\\""]\\\""]\""]""]",no_penalty,会计方向初审-2026-10-10,模型预填 deepseek-chat@v1,说的是2022年我国电工钢产业产量及全球地位，主体是行业/国家而非本公司，属行业综述。
p-000959,cl-cb8f6f3b4677,2021年我国电工钢产业健康发展，取向、无取向电工钢产量双双增长，其中取向电工钢产量约183万吨，无取向电工钢产量约1146万吨，是全球第一的电工钢产地。,9,0,0,"[""owner""]",no_penalty,会计方向初审-2026-10-10,模型预填 deepseek-chat@v1,该句描述2021年我国电工钢产业整体产量情况（取向约183万吨、无取向约1146万吨），说的是行业而非这家公司，属一般行业综述，判为非实质表述。
p-000959,cl-d39c55d85f9a,2022年受国际形势动荡、美元加息等因素影响，钢铁市场需求超预期下滑，钢材价格持续走弱，原燃料价格保持相对高位，行业效益同比大幅下降。,9,0,0,"[""[\""[\\\""[\\\\\\\""object\\\\\\\"", \\\\\\\""period\\\\\\\"", \\\\\\\""metric\\\\\\\"", \\\\\\\""result\\\\\\\"", \\\\\\\""owner\\\\\\\""]\\\""]\""]""]",no_penalty,会计方向初审-2026-10-10,模型预填 deepseek-chat@v1,讲的是2022年国际形势、美元加息影响下的钢铁行业整体需求与价格走势，是行业背景综述，未指向本公司。
p-000959,cl-05b42aac12b9,无取向电工钢产品结构持续优化，高牌号无取向电工钢产品产量89.3万吨，同比增长约11%，其中新能源汽车用高牌号无取向电工钢产品产量同比增长约27%，新能源汽车全球销量前10车企、国内销量前10车企全部实现稳定供货，国内每3辆新能源汽车就有1辆搭载“首钢芯”。,10,1,0,[],no_penalty,会计方向初审-2026-10-10,模型预填 deepseek-chat@v1,公司自述无取向电工钢产量89.3万吨、同比增长约11%、新能源汽车用高牌号增长约27%及供货车企情况，对象、期间、指标、结果齐全。
p-000959,cl-1577b52ab7fb,汽车板产量361万吨，同比增长接近2%，产品和渠道结构调整取得新突破。,10,1,0,[],no_penalty,会计方向初审-2026-10-10,模型预填 deepseek-chat@v1,汽车板产量361万吨、同比增长接近2%，有对象、指标、结果；后半句“结构调整取得新突破”较笼统但前半句已具实质信息。
p-000959,cl-182a9f2ffb45,报告期内，三大战略产品(电工钢、汽车板、镀锡(铬)板)产量同比增长约7%，重点产品产量同比增长约2%。,10,1,0,"[""[\""[]\""]""]",no_penalty,会计方向初审-2026-10-10,模型预填 deepseek-chat@v1,报告期内三大战略产品产量同比增长约7%、重点产品增长约2%，有期间、对象、指标、结果，属实质经营表述。
p-000959,cl-1bb41125401b,无取向电工钢产品结构持续优化，高牌号无取向电工钢产品产量72.8万吨，同比增长33%，其中新能源汽车用高牌号无取向电工钢产品产量同比增长144%，新能源汽车全球销量前10车企稳定供应7家，国内销量前10车企全部实现稳定供货。,10,1,0,[],no_penalty,会计方向初审-2026-10-10,模型预填 deepseek-chat@v1,给出高牌号无取向电工钢72.8万吨、同比增长33%、新能源汽车用产品增长144%及供货车企数量，信息具体可指向。
p-000959,cl-31db60ea664e,高磁感取向电工钢方面，0.20mm及以下超薄规格高磁感取向电工钢产品产量达到7万吨，同比增长约30%，连续五年实现国内销量第一。,10,1,0,[],no_penalty,会计方向初审-2026-10-10,模型预填 deepseek-chat@v1,具体说明0.20mm及以下超薄高磁感取向电工钢产量7万吨、同比增长约30%、连续五年国内销量第一，要素完整。
p-000959,cl-39d8b4e0afea,电工钢产量198.6万吨，同比增长约17%，高端产品产量创历史新高。,10,1,0,[],no_penalty,会计方向初审-2026-10-10,模型预填 deepseek-chat@v1,电工钢产量198.6万吨、同比增长约17%、高端产品产量创历史新高，对象、期间、指标、结果齐全。
p-000959,cl-3e2ff2a884fd,钢材产量682万吨(含供冷轧公司177万吨)，同比增长1.95%。,10,1,0,[],no_penalty,会计方向初审-2026-10-10,模型预填 deepseek-chat@v1,公司自身钢材产量682万吨、同比增长1.95%，对象、期间、指标、结果齐全，是实质经营表述。
p-000959,cl-45ec51b2438e,高磁感取向电工钢方面，0.20mm及以下超薄规格高磁感取向电工钢产品产量达到5.4万吨，同比增长74%，市场占有率达到60%，连续四年实现国内销量第一；,10,1,0,[],no_penalty,会计方向初审-2026-10-10,模型预填 deepseek-chat@v1,0.20mm及以下超薄高磁感取向电工钢产量5.4万吨、同比增长74%、市占率60%、连续四年国内销量第一，信息具体可指向。
p-000959,cl-51a061debb71,(2)冷轧公司：冷轧板材产量169万吨，同比下降10%。,10,1,0,[],no_penalty,会计方向初审-2026-10-10,模型预填 deepseek-chat@v1,冷轧公司冷轧板材产量169万吨、同比下降10%，有主体、对象、指标、结果，属实质经营表述。
p-000959,cl-63f10a0f2cbc,电工钢产量169.5万吨，同比增长约14%，高端产品占比稳步提升。,10,1,0,"[""[\""period\"", \""owner\""]""]",no_penalty,会计方向初审-2026-10-10,模型预填 deepseek-chat@v1,公司自报电工钢产量169.5万吨、同比增长约14%，有对象、期间、指标、结果，属实质经营表述；'高端产品占比稳步提升'虽略含糊但仍有指向。
p-000959,cl-6b3353d7b604,无取向电工钢产品结构持续优化，高牌号无取向电工钢产品产量54.7万吨，同比增长28%，其中新能源汽车用高牌号无取向电工钢产品产量同比增长231%，新能源汽车全球销量前10车企稳定供应5家，国内销量前10车企稳定供应9家。,10,1,0,[],no_penalty,会计方向初审-2026-10-10,模型预填 deepseek-chat@v1,高牌号无取向电工钢产量54.7万吨、同比增长28%、新能源汽车用高牌号同比增长231%、稳定供应前10车企5家/9家，均为具体经营数据。
p-000959,cl-6d251353c9f6,高磁感取向电工钢产量30.0万吨，同比提高约46%，0.20mm及以下超薄规格高磁感取向电工钢继续保持国内销量第一。,10,1,0,"[""[\""period\"", \""owner\""]""]",no_penalty,会计方向初审-2026-10-10,模型预填 deepseek-chat@v1,给出高磁感取向电工钢产量30.0万吨、同比提高约46%及0.20mm以下超薄规格国内销量第一，对象、期间、指标、结果齐全。
p-000959,cl-85a3bfc6c047,钢产量734万吨，同比下降1.08%；,10,1,0,"[""object"", ""owner""]",no_penalty,会计方向初审-2026-10-10,模型预填 deepseek-chat@v1,给出钢产量734万吨、同比下降1.08%的具体产量数据，属公司经营表述；但该句承接上句，未在本句内点明产品对象与责任主体，故标缺object、owner。
p-000959,cl-87de67496df1,镀锡(铬)板产量65.6万吨，同比增长约6%。,10,1,0,"[""[\""period\"", \""owner\""]""]",no_penalty,会计方向初审-2026-10-10,模型预填 deepseek-chat@v1,镀锡(铬)板产量65.6万吨、同比增长约6%，对象、期间、指标、结果明确。
p-000959,cl-8ac220cabd56,报告期内，三大战略产品(电工钢、汽车板、镀锡(铬)板)产量合计571万吨，八类重点产品(冷轧专用钢、热轧酸洗板、耐候钢、能源用钢、汽车结构钢、高强工程机械用钢、管线钢、桥梁用钢)产量819万吨，战略及重点产品合计产量1390万吨，占公司钢材总产量的63%。,10,1,0,"[""[\""[]\""]""]",no_penalty,会计方向初审-2026-10-10,模型预填 deepseek-chat@v1,明确给出报告期内三大战略产品571万吨、八类重点产品819万吨、合计1390万吨及占比63%，对象、期间、指标、结果齐全。
p-000959,cl-8de6f62ec801,产品结构进一步优化，镀锌、高强、外板产量同比分别增长5%、23%、7%；,10,1,0,"[""[\""period\"", \""owner\""]""]",no_penalty,会计方向初审-2026-10-10,模型预填 deepseek-chat@v1,镀锌、高强、外板产量同比分别增长5%、23%、7%，有对象、指标、结果，但未写明具体期间。
p-000959,cl-9682b1009ddb,产品结构进一步优化，镀锌、高强、外板产量同比分别增长约21%、15%、24%，超高强、镀铝硅产品同比分别增长约6%和39%，UF钢供货量同比翻番。,10,1,0,"[""[\""period\"", \""owner\""]""]",no_penalty,会计方向初审-2026-10-10,模型预填 deepseek-chat@v1,列出镀锌、高强、外板、超高强、镀铝硅、UF钢各自同比增速，对象与结果具体，非套话。
p-000959,cl-99b35250949d,高磁感取向电工钢产量33.2万吨，同比提高约11%，0.20mm及以下超薄规格高磁感取向电工钢继续保持国内销量领先。,10,1,0,[],no_penalty,会计方向初审-2026-10-10,模型预填 deepseek-chat@v1,公司自述高磁感取向电工钢产量33.2万吨、同比提高约11%及超薄规格销量领先，对象、期间、指标、结果齐全，是实质经营表述。
p-000959,cl-9d4021b8160f,汽车板产量355万吨，同比增长5%，产品实现全车型覆盖。,10,1,0,[],no_penalty,会计方向初审-2026-10-10,模型预填 deepseek-chat@v1,汽车板产量355万吨、同比增长5%、实现全车型覆盖，有对象、指标、结果，是实质经营表述。
p-000959,cl-9ef8491d4f36,汽车板产量402.5万吨，同比增长约12%，产品结构和用户结构调整取得新突破。,10,1,0,"[""[\""period\"", \""owner\""]""]",no_penalty,会计方向初审-2026-10-10,模型预填 deepseek-chat@v1,汽车板产量402.5万吨、同比增长约12%为具体经营数据；'产品结构和用户结构调整取得新突破'偏概括但依附于前述数据，整体仍是实质表述。
p-000959,cl-a29cec561c3a,报告期内，三大战略产品产量合计568万吨，占公司钢材产量26%，利润贡献约40%。,10,1,0,[],no_penalty,会计方向初审-2026-10-10,模型预填 deepseek-chat@v1,报告期内三大战略产品产量568万吨、占钢材产量26%、利润贡献约40%，对象、期间、指标、结果齐全。
p-000959,cl-b31ed2533e38,镀锡(铬)板产量63万吨，同比增长8%，产能利用率达120%。,10,1,0,[],no_penalty,会计方向初审-2026-10-10,模型预填 deepseek-chat@v1,镀锡(铬)板产量63万吨、同比增长8%、产能利用率120%，对象、指标、结果齐全，属实质经营表述。
p-000959,cl-beaa5dd68484,无取向电工钢产品结构持续优化，高牌号无取向电工钢产品产量80.8万吨，同比增长约11%，其中新能源汽车用高牌号无取向电工钢产品产量同比增长约29%，新能源汽车全球销量前10车企稳定供应9家，国内销量前10车企全部实现稳定供货。,10,1,0,"[""[\""period\"", \""owner\""]""]",no_penalty,会计方向初审-2026-10-10,模型预填 deepseek-chat@v1,具体说明高牌号无取向电工钢产量80.8万吨、同比增长约11%、新能源汽车用产品增长约29%及供货车企家数，信息可指向。
p-000959,cl-c8be28973691,报告期内，公司主要产品产量完成情况：(1)迁钢公司：铁产量744万吨，同比下降0.43%；,10,1,0,[],no_penalty,会计方向初审-2026-10-10,模型预填 deepseek-chat@v1,明确说“报告期内，公司主要产品产量完成情况”，并给出迁钢公司铁产量744万吨、同比下降0.43%，是公司自身经营数据。
p-000959,cl-df24b8490659,随着国家“双碳”战略推进，全社会电气化水平进一步提升，高端电工钢产品需求持续增长，公司电工钢高端产品占比63%，同比提高15个百分点。,10,0,0,[],no_penalty,会计方向初审-2026-10-10,模型预填 deepseek-chat@v1,前半句为行业背景，但后半句落到公司自身：电工钢高端产品占比63%、同比提高15个百分点，有对象、期间、指标、结果。
p-000959,cl-f38a42f14e09,产品结构进一步优化，镀锌、高强、外板产量同比分别增长18%、20%、14%；,10,1,0,"[""period""]",no_penalty,会计方向初审-2026-10-10,模型预填 deepseek-chat@v1,镀锌、高强、外板产量同比分别增长18%、20%、14%，有对象和结果，但未写明具体期间（仅'同比'），故缺period。
p-000959,cl-f8d0ceb5e6f5,报告期内，三大战略产品(电工钢、汽车板、镀锡(铬)板)产量同比增长约12%，重点产品产量同比增长约17%。,10,1,0,"[""[\""[]\""]""]",no_penalty,会计方向初审-2026-10-10,模型预填 deepseek-chat@v1,报告期内三大战略产品产量同比增长约12%、重点产品增长约17%，有期间、对象、指标、结果。
p-000959,cl-f9e68e9a4ea3,高延伸易开盖、高表面奶粉罐市场占有率领先，易开盖、奶粉铁、两片罐产品产量同比增长超过50%，优势产品持续增量。,10,1,0,"[""period""]",no_penalty,会计方向初审-2026-10-10,模型预填 deepseek-chat@v1,公司自述产品市场地位与产量增长（易开盖、奶粉铁、两片罐产量同比增长超50%），有对象、指标、结果，但未指明具体期间。
p-000959,cl-02dac2a8b1cc,智新电磁：电工钢150.1万吨，同比降低2.7%，其中取向产量19.3万吨，同比增长0.2%，无取向产量130.8万吨，同比降低3.1%。,11,1,0,[],no_penalty,会计方向初审-2026-10-10,模型预填 deepseek-chat@v1,原文给出智新电磁电工钢、取向、无取向的具体产量（150.1万吨、19.3万吨、130.8万吨）及同比增减，对象、期间、指标、结果齐全，是实质经营表述。
p-000959,cl-03b19a168ba7,公司主要产品产量完成情况：迁钢公司(含智新公司)：铁689万吨，同比下降7.1%；,11,1,0,[],no_penalty,会计方向初审-2026-10-10,模型预填 deepseek-chat@v1,公司自述迁钢公司（含智新公司）铁产量689万吨、同比下降7.1%，对象、期间、指标、结果齐全。
p-000959,cl-0785441a2d54,薄规格取向产量16.3万吨同比增长26%，高牌号无取向产量54.7万吨，同比增长28%。,11,1,0,"[""period""]",no_penalty,会计方向初审-2026-10-10,模型预填 deepseek-chat@v1,原文给出薄规格取向产量16.3万吨、高牌号无取向产量54.7万吨及同比增速，有对象、指标、结果，但未明示期间（哪一年/哪一期）。
p-000959,cl-1a3efaddb1ce,以宝马、奔驰、菲亚特等为代表的合资品牌供货量大幅增加，同比提高41.54%，合资品牌汽车板供货量达到总产量的23.42%，同比提高3.54个百分点；,11,1,0,"[""period""]",no_penalty,会计方向初审-2026-10-10,模型预填 deepseek-chat@v1,公司自述宝马、奔驰、菲亚特等合资品牌供货量同比提高41.54%、占比23.42%，有对象、指标、结果，但未点明具体期间。
p-000959,cl-403de22dbe48,汽车板产量439.4万吨，同比增长约9%，产品结构和用户结构调整取得新突破。,11,1,0,[],no_penalty,会计方向初审-2026-10-10,模型预填 deepseek-chat@v1,原文给出汽车板产量439.4万吨、同比增长约9%及结构调整表述，有对象、指标、结果，但未明示期间。
p-000959,cl-48ccf79a81ec,镀锡板基础用途类产品较去年月均下降10%，奶粉、镀层、饮料、镀铬四类产品比例较去年月均提高30-70%，整体薄规格(≤0.20mm)订单比例比达到54%；,11,1,0,"[""period""]",no_penalty,会计方向初审-2026-10-10,模型预填 deepseek-chat@v1,公司自述镀锡板基础用途类月均下降10%、四类产品比例提高30-70%、薄规格订单比例达54%，有对象、指标、结果，但未点明具体期间。
p-000959,cl-5ba04d32e7cd,产品结构进一步优化，镀锌、高强、外板产量同比分别增长约24%、18%、15%，锌铝镁、镀铝硅产品产量同比分别增长约19%和27%，UF钢产量同比增长约71%。,11,1,0,"[""[\""period\""]""]",no_penalty,会计方向初审-2026-10-10,模型预填 deepseek-chat@v1,原文列出镀锌、高强、外板、锌铝镁、镀铝硅、UF钢等产品产量同比增速，有对象、指标、结果，但未明示期间。
p-000959,cl-7727557b2df2,报告期内，冷轧公司灯塔工厂一期11个子项目包含55个用例全部上线运行，汽车板产品一检封闭量月均降低约1000吨，冷轧库存月周转天数减少1天，服务响应时间由天提升至分钟级。,11,1,0,"[""[\""[]\""]""]",no_penalty,会计方向初审-2026-10-10,模型预填 deepseek-chat@v1,原文以「报告期内」为期间，说明冷轧公司灯塔工厂一期11个子项目55个用例上线、一检封闭量月均降低约1000吨、库存周转减少1天、响应时间由天提升至分钟级，对象、期间、指标、结果齐全。
p-000959,cl-7ae76401f397,镀锡(铬)板产量69.0万吨，同比增长约5%，制造能力进一步提升。,11,1,0,[],no_penalty,会计方向初审-2026-10-10,模型预填 deepseek-chat@v1,原文给出镀锡(铬)板产量69.0万吨、同比增长约5%，有对象、指标、结果，但未明示期间。
p-000959,cl-ae5ada3c2805,2017年，我国钢铁行业供给侧结构性改革深入推进，去产能进展顺利，钢铁生产保持平稳，优质产能得到发挥，钢材市场需求有所增长，市场环境明显改善，钢材价格呈现了合理回升的发展态势。,11,0,0,[],no_penalty,会计方向初审-2026-10-10,模型预填 deepseek-chat@v1,讲的是2017年我国钢铁行业供给侧改革、去产能、钢价回升等宏观行业综述，不是这家公司自身的经营表述。
p-000959,cl-d0a64783b86e,其中：无取向产量127.9万吨，同比降低2.2%；,11,1,0,"[""[\""period\""]""]",no_penalty,会计方向初审-2026-10-10,模型预填 deepseek-chat@v1,原文给出无取向产量127.9万吨及同比降低2.2%，有对象、指标、结果，但未明示期间。
p-000959,cl-e8f7cfc60e4a,功能饮料、易开盖、气雾阀用等重点产品产量占比65%，同比增长约24%。,11,1,0,"[""[\""period\""]""]",no_penalty,会计方向初审-2026-10-10,模型预填 deepseek-chat@v1,原文给出功能饮料、易开盖、气雾阀用等重点产品产量占比65%、同比增长约24%，有对象、指标、结果，但未明示期间。
p-000959,cl-e95ad706a26b,汽车板产量创出历史最好水平，镀锌、高强、外板产量同比分别提高45.61%、51%和46.31%；,11,1,0,"[""period""]",no_penalty,会计方向初审-2026-10-10,模型预填 deepseek-chat@v1,公司自述汽车板产量创历史最好水平及镀锌、高强、外板同比增幅，有对象、指标、结果，但未点明具体期间（仅'同比'）。
p-000959,cl-f522427f9cef,报告期内，公司主要产品产量完成情况：(1)迁钢公司：铁742万吨，同比增长6.47%；,11,1,0,[],no_penalty,会计方向初审-2026-10-10,模型预填 deepseek-chat@v1,公司自述报告期内迁钢公司铁产量742万吨、同比增长6.47%，对象、期间、指标、结果齐全。
p-000959,cl-0373e0b986a5,报告期内，三大战略产品(电工钢、汽车板、镀锡(铬)板)及九类重点产品(冷轧专用钢、热轧酸洗板、耐候钢、能源用钢、汽车结构钢、高强工程机械用钢、管线钢、桥梁钢、船板海工钢)合计产量1727万吨，占公司钢材总产量的74%，同比提高5个百分点。,12,1,0,"[""[\""[]\""]""]",no_penalty,会计方向初审-2026-10-10,模型预填 deepseek-chat@v1,公司自述三大战略产品及九类重点产品合计产量1727万吨、占钢材总产量74%、同比提高5个百分点，对象、期间、指标、结果俱全，是实质经营表述。
p-000959,cl-7a1b86301861,无取向中低牌号电工钢产量58.7万吨，同比增长6.5%；,12,1,0,"[""[\""period\""]""]",no_penalty,会计方向初审-2026-10-10,模型预填 deepseek-chat@v1,有对象（无取向中低牌号电工钢）、指标（产量58.7万吨）、结果（同比增长6.5%），但原文未写明期间，故缺period。
p-000959,cl-8c48043ee9ed,产量20.6万吨，同比增长6.8%。,12,1,0,"[""[\""object\"", \""period\""]""]",no_penalty,会计方向初审-2026-10-10,模型预填 deepseek-chat@v1,有指标（产量20.6万吨）和结果（同比增长6.8%），但原文未指明是什么产品/主体的产量，也未写明期间，故缺object和period。
p-000959,cl-95c6d33c9f30,报告期内，三大战略产品(电工钢、汽车板、镀锡(铬)板)及九类重点产品(冷轧专用钢、热轧酸洗板、耐候钢、能源用钢、汽车结构钢、高强工程机械用钢、管线钢、桥梁钢、船板海工钢)合计产量1593万吨，占公司钢材总产量的69%，同比提高6个百分点。,12,1,0,"[""[\""[]\""]""]",no_penalty,会计方向初审-2026-10-10,模型预填 deepseek-chat@v1,公司自述三大战略产品及九类重点产品合计产量1593万吨、占钢材总产量69%、同比提高6个百分点，对象、期间、指标、结果俱全，是实质经营表述。
p-000959,cl-9f02df90b80f,智新电磁：金属软磁材料(电工钢)产量169.5万吨，同比增长14.2%。,12,1,0,"[""[\""period\""]""]",no_penalty,会计方向初审-2026-10-10,模型预填 deepseek-chat@v1,公司自述智新电磁金属软磁材料(电工钢)产量169.5万吨、同比增长14.2%，对象、指标、结果俱全，是实质经营表述。
p-000959,cl-b34186b8cc7b,其中取向电工钢产量30.0万吨，同比增长46.3%；,12,1,0,"[""[\""period\""]""]",no_penalty,会计方向初审-2026-10-10,模型预填 deepseek-chat@v1,有对象（取向电工钢）、指标（产量30.0万吨）、结果（同比增长46.3%），但原文未写明期间，故缺period。
p-000959,cl-c470438cb043,公司主要产品产量完成情况：迁钢公司：铁803万吨，同比增长4%；,12,1,0,[],no_penalty,会计方向初审-2026-10-10,模型预填 deepseek-chat@v1,公司自述迁钢公司铁产量803万吨、同比增长4%，对象、期间、指标、结果俱全，是实质经营表述。
p-000959,cl-d89fd892c470,报告期内，公司主要产品产量完成情况：(1)迁钢公司：铁697万吨，同比下降6.32%；,12,1,0,[],no_penalty,会计方向初审-2026-10-10,模型预填 deepseek-chat@v1,公司自述迁钢公司铁产量697万吨、同比下降6.32%，有对象（迁钢公司/铁）、期间（报告期内）、指标（产量）、结果（697万吨、-6.32%），是实质经营表述。
p-000959,cl-159d926d35d6,抓住冰箱、压缩机出口需求增长机遇，完成压缩机领域销量68万吨，同比增长42%。,13,1,0,"[""period""]",no_penalty,会计方向初审-2026-10-10,模型预填 deepseek-chat@v1,有对象（压缩机领域）、指标与结果（销量68万吨、同比增长42%），但未写明对应期间。
p-000959,cl-34411f2a559b,完善一线服务资源配置，加强产线资源、冷热产品平衡及合同组织力度，积极合并小订单，推进迁钢公司、京唐公司互供料，通过拓展连浇、工艺归并，提升产品保供能力，全年合同兑现率达到95.7%，重点客户整单兑现率完成93.3%；,13,1,0,[],no_penalty,会计方向初审-2026-10-10,模型预填 deepseek-chat@v1,公司自述具体经营动作（合并小订单、迁钢与京唐互供料、拓展连浇工艺归并）并给出结果数字（合同兑现率95.7%、重点客户整单兑现率93.3%），对象、期间、指标、结果齐全。
p-000959,cl-e97ccc1b5b85,新能源汽车用产品销量同比增长2倍，无取向电工钢35SW300及以上超高牌号产品占比47.2%，实现向沃尔沃、大众、蔚来等汽车客户批量供货。,13,1,0,"[""period""]",no_penalty,会计方向初审-2026-10-10,模型预填 deepseek-chat@v1,有具体产品（新能源汽车用产品、无取向电工钢35SW300及以上）、具体指标（销量同比增长2倍、占比47.2%）和具体客户（沃尔沃、大众、蔚来），但未点明是哪一年/哪一期。
p-000959,cl-dc3ef7053d16,相关数据同比发生变动30%以上的原因说明√适用□不适用本期钢材市场好转，公司加大产品销售力度，库存量降低。,14,1,0,"[""metric"", ""result""]",no_penalty,会计方向初审-2026-10-10,模型预填 deepseek-chat@v1,公司解释了变动原因（钢材市场好转、加大销售力度、库存量降低），属实质经营表述；但未给出具体变动指标数值和变动结果幅度，仅笼统说30%以上。
p-000959,cl-0a77705a342e,"热卷生产量853万吨,同比增长0.12%；",17,1,0,"[""period""]",no_penalty,会计方向初审-2026-10-10,模型预填 deepseek-chat@v1,有对象（热卷）、指标（生产量）和结果（853万吨、同比增长0.12%），但未标明期间。
p-000959,cl-4d8afbe7eaf9,②冷轧公司：板材产量156万吨，同比下降8.5%。,17,1,0,"[""period""]",no_penalty,会计方向初审-2026-10-10,模型预填 deepseek-chat@v1,有主体（冷轧公司）、对象（板材）、指标（产量）和结果（156万吨、同比下降8.5%），但未标明期间。
p-000959,cl-71d0d530e8fc,相关数据同比发生重大变动的主要影响因素说明√适用□不适用经营活动现金流入、经营活动现金流出同比增加主要原因，一是钢材价格及上游原燃料价格上涨，二是京唐二期投产后钢材销售量增加，营业收入和采购额增加，相应的现金流入和现金流出增加。,17,1,0,"[""metric"", ""result""]",no_penalty,会计方向初审-2026-10-10,模型预填 deepseek-chat@v1,公司具体说明现金流变动原因（钢材及原燃料价格上涨、京唐二期投产后销量增加带动营收和采购额增加），属实质经营表述；但未给出具体变动指标数值和结果幅度。
p-000959,cl-d4b54e770994,热卷生产量662万吨，同比下降7.02%；,17,1,0,"[""period""]",no_penalty,会计方向初审-2026-10-10,模型预填 deepseek-chat@v1,有对象（热卷）、指标（生产量）和结果（662万吨、同比下降7.02%），但未标明是哪一期数据。
p-000959,cl-167afe8f0049,②冷轧公司：冷轧板材产量170万吨，同比下降3.4%。,23,1,0,"[""period""]",no_penalty,会计方向初审-2026-10-10,模型预填 deepseek-chat@v1,原文给出冷轧公司冷轧板材产量170万吨、同比下降3.4%，是具体主体的具体产品产量与变动，属实质经营表述；但未指明期间，故缺period。
p-000959,cl-622b3e1f0b53,钢材684(含供冷轧公司170万吨)万吨，同比增长4.8%②冷轧公司：冷轧板材产量160万吨，同比增长0.6%。,23,1,0,"[""period""]",no_penalty,会计方向初审-2026-10-10,模型预填 deepseek-chat@v1,原文给出钢材产量684万吨、同比增长4.8%以及冷轧板材产量160万吨、同比增长0.6%，是公司具体产品的产量与增速，属实质经营表述；但未指明是哪一年/哪一期，故缺period。
p-000959,cl-4a99443db23c,飞、魏雨迪、王宏  就投资者关注的产量  详见公司于2024年2024年  玉，华泰证券王鑫  调控、电工钢产量、  8月26日在互动平08月23  公司会议室  电话沟通  机构  延，华创证券马  汽车板需求、资本开  台发布的投资者活日  野，招商证券贾宏  支等问题进行解答。,24,0,0,"[""[]""]",no_penalty,会计方向初审-2026-10-10,模型预填 deepseek-chat@v1,原文同样是投资者活动记录表格碎片，含机构名、人名与'详见公司于2024年8月26日在互动平台发布的投资者活动记录'等栏目文字，未构成公司对自身经营的陈述。
p-000959,cl-607c253e688f,广发证券陈琪玮，  就投资者关注的电工  详见公司于2024年2024年  兴证全球基金刘  钢优势及需求、汽车  7月4日在互动平07月03  公司会议室  电话沟通  机构  洋、张睿、李跃、  板情况等问题进行解  台发布的投资者活日  吴钊华、乔迁  答。,24,0,0,"[""[]""]",no_penalty,会计方向初审-2026-10-10,模型预填 deepseek-chat@v1,原文是投资者活动记录表格的碎片，混杂机构名、人名、日期与栏目文字（如'详见公司于2024年7月4日在互动平台发布的投资者活动记录'），并非公司在陈述自身经营，属表格/记录性文字，故判非实质表述。
p-000959,cl-c20e80ecff56,对投资者关注广发证券、中加基金、  的公司电工钢德沣投资、嘉合基金、  产品、产能，  详见公司于中金公司、淡水泉(北  汽车板需求、  2023年11月2023年11月  实地调  京)资管、尚诚资管、泰公司会议室  机构  发展规划，公  19日在互动平17日  研  旸资管、正圆投资、雪  司研发投入、  台发布的投资石资管、兴业银行、正  资本开支，原  者活动记录心谷资本、远信投资等  燃料情况等问机构分析师  题进行解答对投资者关注,26,0,0,"[""[]""]",no_penalty,会计方向初审-2026-10-10,模型预填 deepseek-chat@v1,原文为投资者活动记录表格的错位拼接文字（机构名单、'公司会议室''实地调研''详见公司于2023年11月19日在互动平台发布的投资者活动记录'等），属表格栏目内容而非公司经营表述。
p-000959,cl-8fbc424ac24f,新，工银安盛范彦君，国金基  电工钢产品未  详见公司于金吴佩苇，瀚卿鸿儒晏昕，杭  来规划，铁矿  2022年5月2022年05月  电话  州威曼李强，华美国际付楠，公司会议室  机构  石价格走势，  13日在互动平12日  沟通  华润元大苏展，金鹰基金席俊  压减粗钢产量  台发布的投资峰，上海铭大实业王子珩，上  政策影响等  者活动记录海趣时章秀奇，天津银行姜运亚，西藏合众易晟庞宇铭，兴银基金石亮，寻常(上海)投资龚亦鸣，中国山东高速资本王子健，中科沃土徐伟，中信保诚胡喆，上海东方证券王延飞，华福证券魏征宇，中信证券曾征、王晗，广发证券李莎等35家机构40余位机构投资者中国太保陈晓晓，工银瑞信殷悦，交银理财王哲君，汇丰晋信郑小兵，中金资管徐榕，上,29,0,0,"[""[]""]",no_penalty,会计方向初审-2026-10-10,模型预填 deepseek-chat@v1,原文是投资者活动记录表格碎片，罗列大量机构与个人姓名及'详见公司于2022年5月13日在互动平台发布的投资者活动记录'等栏目文字，不是公司对自身经营的陈述。
p-000959,cl-f64910a9a813,海古曲赵朕，国海富兰克林张  能源汽车用电  详见公司于登科，睿远基金崔霖，太平基  工钢销量增长  2022年6月2022年06月  电话  金魏志羽，中海基金马涛、包  情况，压减粗公司会议室  机构  17日在互动平15日  沟通  江麟，博时基金陈曦，国寿资  钢产量政策、  台发布的投资产崔欣扬，太保资产张喆、魏  原料价格上涨  者活动记录巍，景顺长城李建霖，润晖投  的影响等资蒋旸晶，融通基金赵逸翔，长信基金朱敏，长江养老马睿，阳光资产何欣知，中信建,29,0,0,"[""[]""]",no_penalty,会计方向初审-2026-10-10,模型预填 deepseek-chat@v1,原文为投资者活动记录表格的错位文字，含机构与个人名单及'详见公司于2022年6月17日在互动平台发布的投资者活动记录'等栏目内容，未构成公司经营表述。
p-000959,cl-0fcc1801471e,资蒋旸晶，融通基金赵逸翔，  能源汽车用电  详见公司于长信基金朱敏，长江养老马  工钢销量增长  2022年6月2022年06月  电话  睿，阳光资产何欣知，中信建  情况，压减粗公司会议室  机构  17日在互动平16日  沟通  投证券(自营)王慧娴，衍航投  钢产量政策、  台发布的投资资庞兴华，禾永投资(北京)马  原料价格上涨  者活动记录哲峰，泰霖投资陈永强，建信  的影响等基金杨荔媛，华夏基金佟巍，嘉实基金焦云，光大保德信顾丽萍，深圳启元财富范曜宇，盈峰资本张庭坚，远信(珠海)私募基金巍华，杭州乾璐投资李翔，重阳投资贺建青，正圆投资唐哲，光大证券戴默，国泰君安李鹏飞、魏雨迪、王宏玉淡水泉(北京)投资管理曹阳，,30,0,0,"[""[]""]",no_penalty,会计方向初审-2026-10-10,模型预填 deepseek-chat@v1,原文同样是投资者活动记录表格碎片，主体为机构与个人姓名清单及'详见公司于2022年6月17日在互动平台发布的投资者活动记录'等栏目文字，非公司自身经营陈述。
p-000959,cl-f36c12235af3,国华兴益保险资产管理有限公  详见公司于电工钢产品竞司韩冬伟，冠丰资产唐哲，重  2022年7月82022年07月  电话  争优势，压减公司会议室  机构  阳投资贺建青，3wfund刘思  日在互动平台07日  沟通  粗钢产量政策蒙，展博投资肖斌，雷克资管  发布的投资者影响等郭佳宜，银优资产孙嘉琪，招  活动记录商证券岳恒宇、唐笑,30,0,0,"[""[]""]",no_penalty,会计方向初审-2026-10-10,模型预填 deepseek-chat@v1,这段文字是投资者关系活动记录表的表格内容（机构名单、日期、地点、沟通方式等），属于表格行标签与栏目信息，不是公司在陈述自己干了什么，故判非实质表述；因是表格碎片，五要素均无从谈起。
p-000959,cl-0cca6e3c4f26,资管理有限公司、中银基金、  详见公司于恒越基金、趣时资管、中和资  电工钢生产情  2022年12月2022年12月  电话  本、泰达宏利基金、北京京西  况、未来供需公司会议室  机构  30日在互动平29日  沟通  创业投资基金管理有限公司、  形势，汽车板  台发布的投资FidelityFunds、中邮证券、  产量情况等  者活动记录长江证券、华创证券、中信建投证券等分析师和机构投资者,31,0,0,"[""[]""]",no_penalty,会计方向初审-2026-10-10,模型预填 deepseek-chat@v1,与上一条几乎相同的表格碎片，内容为机构名单、'电工钢生产情况、未来供需形势，汽车板产量情况等'及日期、沟通方式等栏目文字，属表格行标签，不构成公司实质经营表述。
p-000959,cl-781d40432c81,资管理有限公司、中银基金、  详见公司于恒越基金、趣时资管、中和资  电工钢生产情  2022年12月2022年12月  电话  本、泰达宏利基金、北京京西  况、未来供需公司会议室  机构  30日在互动平28日  沟通  创业投资基金管理有限公司、  形势，汽车板  台发布的投资FidelityFunds、中邮证券、  产量情况等  者活动记录长江证券、华创证券、中信建投证券等分析师和机构投资者汇添富基金、淡水泉(北京)投,31,0,0,"[""[]""]",no_penalty,会计方向初审-2026-10-10,模型预填 deepseek-chat@v1,同样是投资者活动记录表的表格碎片（机构名称、'电工钢生产情况、未来供需形势，汽车板产量情况等'、日期、'电话沟通'等栏目），属于表格行标签与数字/栏目信息，不是公司对自身经营的陈述。
p-600019,cl-21673c5f95dc,2021年，公司抓住市场机遇，动态开展购销策略和生产组织适应性调整，克服下半年大宗商品价格大幅上涨和产销规模下降影响，持续深化对标找差，极致提升经营效率，制造基地盈利与抗风险能力大幅提升，公司核心经营目标全面完成。,9,1,0,"[""[\""[\\\""[\\\\\\\""metric\\\\\\\""]\\\""]\""]""]",no_penalty,赵雨洁,,
p-600019,cl-1cf386af55fd,2015年中钢协钢材综合价格CSPI指数环比上年年均下跌27.3%，62%普氏指数55.50美元，环比上年年均下跌42.7%，钢价下降对收入的影响远超原料价格下降对成本的影响，公司当年盈利空间持续收窄。,10,0,0,"[""[\""[\\\""[\\\\\\\""owner\\\\\\\""]\\\""]\""]""]",no_penalty,赵雨洁,,
p-600019,cl-26b434f927e0,2022年，国家部委陆续发布了《关于促进钢铁工业高质量发展的指导意见》《高耗能行业重点领域节能降碳改造升级实施指南（2022年版）》《工业能效提升行动计划》《工业水效提升行动计划》等产业政策，对钢铁产业的要求主要集中在产能治理、能源环保和提高废钢使用量方面。,10,0,0,"[""[\""[\\\""[\\\\\\\""owner\\\\\\\""]\\\""]\""]""]",no_penalty,赵雨洁,,
p-600019,cl-8d8593bd37fb,2023年，国家有关部委陆续发布了《关于统筹节能降碳和回收利用加快重点领域产品设备更新改造的指导意见》《关于做好2023-2025年发电行业企业温室气体排放报告管理有关工作的通知》《固定资产投资项目节能审查办法》《关于推动能耗双控逐步转向碳排放双控的意见》《工业节能监察办法》《关于做好可再生能源绿色电力证书全覆盖工作促进可再生能源电力消费的通知》《绿色低碳先进技术示范工程实施方案》《关于开展工业噪声排污许可管理工作的通知》《空气质量持续改善行动计划》《京津冀及周边地区、汾渭平原2023—2024年秋冬季大气污染综合治理攻坚方案》《关于推进实施焦化行业超低排放的意见》等法规政策，主要集中在环保治理、节能降碳等方面，有序推动钢铁行业的绿色低碳发展。,10,0,0,"[""[\""[\\\""[\\\\\\\""owner\\\\\\\""]\\\""]\""]""]",no_penalty,赵雨洁,,
p-600019,cl-96108538ec6f,国家发展改革委、工业和信息化部等部门6月发布《钢铁行业节能降碳专项行动计划》，2024年继续实施粗钢产量调控。,10,0,0,"[""[\""[\\\""[\\\\\\\""owner\\\\\\\""]\\\""]\""]""]",no_penalty,赵雨洁,,
p-600019,cl-9bca70a5465c,2022年，面对钢铁行业“严冬”，公司全体系聚焦“降本、增效、变革”，全面推进产线效率提升、采购变革、技术降本、产品结构优化等战危机行动，全年利润总额持续保持国内行业第一。,10,1,0,"[""[\""[]\""]""]",no_penalty,赵雨洁,,
p-600019,cl-05ccd639b351,公司克服疫情和钢铁市场下行等多重压力和挑战，深化一公司多基地管控模式，持续加大全面对标找差，加大购销协同力度，动态优化资源流向和产品结构，加大降本控费挖潜力度，2022年实现利润总额150.4亿元，利润降幅跑赢行业大盘。,11,1,0,"[""[\""[]\""]""]",no_penalty,赵雨洁,,
p-600019,cl-1c031567a327,围绕能效提升、物流降本、经济炉料、付现费用等重点挖潜，多基地精准化对标，横向比优、协同挖潜，2023年实现成本削减50.1亿元，超额完成年度目标，有力支撑公司经营业绩。,11,1,0,"[""[\""[]\""]""]",no_penalty,赵雨洁,,
p-600019,cl-49aa8df8ec4c,2015年，公司克服下游市场需求持续低迷、人民币汇率大幅下跌、内部生产与建设双重运行等因素影响，通过强化产销协同、提高核心品种制造能力和资源保障能力，加强营运资金管控，开展全体系降本增效工作，以应对严峻的外部环境，2015年销售商品坯材2214.83万吨，实现营业总收入1641.2亿元、利润总额18.5亿元。,11,1,0,"[""[\""[]\""]""]",no_penalty,赵雨洁,,
p-600019,cl-619cddaa4ed1,围绕进出厂效率提升、能源成本削减、配煤配矿结构优化、技术经济指标改善，全方位开展对标找差工作，2021年实现成本削减11.5亿元，超额完成年度目标，有效支撑公司经营业绩。,11,1,0,"[""[\""[]\""]""]",no_penalty,赵雨洁,,
p-600019,cl-a1c204c2add7,围绕采购物流降本、能源成本削减、配煤配矿结构优化、重点费用管控、技术经济指标改善等，全方位开展成本削减，2022年实现成本削减93.5亿元，超额完成年度目标，有力支撑公司经营业绩。,11,1,0,"[""[\""[]\""]""]",no_penalty,赵雨洁,,
p-600019,cl-1b5bfb565d54,财务费用变动原因说明：主要是全年美元兑人民币中间价较即期市场价持续存在一定偏离影响，公司即期购汇业务汇兑损失同比有所增加，财务费用较上年同期有所上升。,13,1,0,"[""[\""[\\\""[\\\\\\\""period\\\\\\\""]\\\""]\""]""]",p_penalty,赵雨洁,,
p-600019,cl-2260eaac43fe,"公司抓住市场机遇，持续推进成本削减、提质增效及深化改革等内部挖潜工作，探索和推行多基地管控模式，充分发挥宝武协同效益，实现了经营业绩和获现能力均创历史最好水平、主要单元经营业绩大幅提升的佳绩，2018年销售商品坯材4,709.8万吨，实现营业总收入3,052.0亿元，利润总额278.2亿元。",13,1,0,"[""[\""[]\""]""]",no_penalty,赵雨洁,,
p-600019,cl-3fb49008e561,营业成本变动原因说明：主要受销售规模和原辅料价格下降影响，营业成本同比有所下降。,13,1,0,"[""[]""]",no_penalty,赵雨洁,,
p-600019,cl-59ab4b5d034f,销售费用变动原因说明：略高于上年同期，职工薪酬略有增长。,13,1,0,"[""[\""[\\\""[\\\\\\\""period\\\\\\\"", \\\\\\\""metric\\\\\\\""]\\\""]\""]""]",p_penalty,赵雨洁,,
p-600019,cl-5fba88f855cd,营业成本变动原因说明：主要受原燃料价格普涨的影响，公司营业成本较上年同期大幅增长。,13,1,0,"[""[\""[\\\""[\\\\\\\""period\\\\\\\""]\\\""]\""]""]",p_penalty,赵雨洁,,
p-600019,cl-911f298c98f4,管理费用变动原因说明：得益于公司持续推进费用压降，管理费用同比略有下降。,13,1,0,"[""[]""]",no_penalty,赵雨洁,,
p-600019,cl-9edb0835347e,销售费用变动原因说明：得益于公司持续推进费用压降，销售费用同比略有下降。,13,1,0,"[""[]""]",no_penalty,赵雨洁,,
p-600019,cl-a6dafccb92b9,营业成本变动原因说明：主要受销售规模小幅上升和原辅料价格下降带来单位销售成本下降综合影响，营业成本较上年同期有所下降。,13,1,0,"[""[\""[\\\""[\\\\\\\""period\\\\\\\""]\\\""]\""]""]",p_penalty,赵雨洁,,
p-600019,cl-dd32a5d189d0,营业成本变动原因说明：主要受销售规模上升和单位销售成本下降综合影响，营业成本较上年同期略有上升。,13,1,0,"[""[\""[\\\""[\\\\\\\""period\\\\\\\""]\\\""]\""]""]",p_penalty,赵雨洁,,
p-600019,cl-e53b08c55520,管理费用变动原因说明：得益于公司持续费用压降，管理费用同比略有下降。,13,1,0,"[""[]""]",no_penalty,赵雨洁,,
p-600019,cl-25b2da8b1cef,注：财务费用同比增加19.0亿元，主要是汇兑损失影响，2015年8月央行调整人民币汇率中间,14,1,0,"[""[\""[\\\""[\\\\\\\""period\\\\\\\""]\\\""]\""]""]",p_penalty,赵雨洁,,
p-600019,cl-98d7ccf721e0,价形成机制，人民币兑美元快速贬值，全年人民币兑美元贬值6.1%，公司根据年度汇率风险管理预案进行外币融资债务的切换，形成汇兑损失16.9亿元，2014年全年人民币兑美元中间价贬值0.4%，汇兑损失0.9亿元，同比增加财务费用16.0亿元。,14,1,0,"[""[\""[]\""]""]",no_penalty,赵雨洁,,
p-600019,cl-b244ff16d909,克服产销资源减少、节能减排力度加大等困难，深挖成本削减潜力，持续提升营运效率，有效缓解了原燃料、辅料价格大幅上涨影响，2021年公司钢铁产品综合毛利率较去年上涨。,14,1,0,"[""[\""[]\""]""]",no_penalty,赵雨洁,,
p-600019,cl-d6cad5783ba9,2020年，公司克服突如其来的疫情影响，充分发挥多制造基地协同优势与公司整体抗风险能力，积极应对铁矿石快速上涨、钢铁需求震荡、内部制造基地大修带来的产能波动等情况，通过全面对标找差，推动内部变革，进一步提升效率与竞争力，全面完成2020年核心经营目标，经营业绩超过预期。,14,1,0,"[""[\""[\\\""[\\\\\\\""metric\\\\\\\""]\\\""]\""]""]",no_penalty,赵雨洁,,
p-600019,cl-e31628ffe1c2,"公司把握国家供给侧结构改革、钢铁去产能的机遇，沉着应对市场波动，建立和持续优化多基地运营管控模式，聚焦“成本变革、技术领先、服务先行、智慧制造和城市钢厂”五大核心能力，在宝武整合、成本削减、生产制造、产品研发、市场拓展等各方面取得了丰硕成果，2017年销售商品坯材4617.0万吨，实现营业总收入2,895.0亿元，利润总额240.4亿元。",14,1,0,"[""[\""[]\""]""]",no_penalty,赵雨洁,,
p-600019,cl-0d2314d2f10d,受供给侧改革、钢铁去产能，下游行业需求增长以及公司内部成本削减工作等因素支撑，2018年公司主要产品的毛利率较去年有所上涨。,15,1,0,"[""[\""[]\""]""]",no_penalty,赵雨洁,,
p-600019,cl-51465ce4ecdf,受钢材市场回暖，下游行业需求增长以及公司内部全体系开展的成本削减工作等因素影响，2016年公司主要产品的毛利率较去年有较大幅度上升。,15,1,0,"[""[\""[]\""]""]",no_penalty,赵雨洁,,
p-600019,cl-5cbd3a281128,（4）财务费用24.7亿元，去年同期为5.6亿元，同比增加流量19.0亿元。,15,1,0,"[""[\""[\\\""[\\\\\\\""owner\\\\\\\""]\\\""]\""]""]",no_penalty,赵雨洁,,
p-600019,cl-7fe72f65ee76,2020年，公司抓住疫情后钢铁产能恢复契机，持续提升生产效率、资金效率与资产效率，深挖成本削减潜力，有效缓解了钢材价格下行与铁矿石价格大幅上涨影响，2020年公司冷、热轧主要产品的毛利率较去年上涨。,15,1,0,"[""[\""[]\""]""]",no_penalty,赵雨洁,,
p-600019,cl-a0639c2071ad,2019年，公司经受了内外部经营环境的严峻挑战，面对进口铁矿石价格大幅上涨、国内板材市场下行和下游行业需求结构性失衡等重重压力，公司以多基地管控模式优化完善为抓手，加大成本削减推进力度，通过强化对标找差、加速推进公司内部变革与提质增效等工作开展，全面完成2019年核心经营目标，经营业绩达到预期。,15,1,0,"[""[\""[\\\""[\\\\\\\""metric\\\\\\\""]\\\""]\""]""]",no_penalty,赵雨洁,,
p-600019,cl-3cfd359a2574,受供给侧改革、钢铁去产能、下游行业需求增长以及公司内部成本削减工作等因素支撑，2017年公司主要产品的毛利率较去年有所上涨。,16,1,0,"[""[\""[]\""]""]",no_penalty,赵雨洁,,
p-600019,cl-7cbf1f459359,"√适用□不适用财务费用同比增加19.0亿元，主要是汇兑损失影响,2015年二次汇改，人民币兑美元快速贬值，全年人民币兑美元贬值6.12%，公司根据年度汇率风险管理预案进行外币融资债务的切换，形成汇兑损失16.9亿元，而2014年全年人民币兑美元中间价贬值0.36%，汇兑损失0.9亿元，同比增加财务费用16.0亿元。",16,1,0,"[""[\""[\\\""[\\\\\\\""owner\\\\\\\""]\\\""]\""]""]",no_penalty,赵雨洁,,
p-600019,cl-2843016efabc,财务费用同比下降2.4亿元，其中：利息支出减少3.0亿元，主要是2022年公司融资规模及融资利率下降综合影响；,17,1,0,"[""[\""[]\""]""]",no_penalty,赵雨洁,,
p-600019,cl-3fcebc342414,财务费用较上年同期上升3.4亿元，其中：利息支出上升1.3亿元，主要为2021年执行新租赁准则，确认租赁利息支出2.1亿元，融资规模下降及融资利率上升综合影响利息支出下降0.8亿元；,17,1,0,"[""[\""[]\""]""]",no_penalty,赵雨洁,,
p-600019,cl-6031770914a9,本年财务费用同比去年上升10.0亿元，其中：受今年人民币兑美元贬值5.0%影响，汇兑损失14.6亿元，去年同期人民币兑美元升值，同比去年上升16.2亿元，公司通过远期交易对冲汇率波动风险，本年远期交易确认投资收益与公允价值变动收益共7.4亿元，全年汇率综合成本7.3亿元；,17,1,0,"[""[\""[]\""]""]",no_penalty,赵雨洁,,
p-600019,cl-6c031320626b,财务费用较上年同期下降10.0亿元，其中：利息支出下降6.4亿元，主要为公司发行较低成本直接融资，且公司年内现金流充裕，有息负债规模同比下降；,17,1,0,"[""[\""[]\""]""]",no_penalty,赵雨洁,,
p-600019,cl-c8a2a27be8bc,为规避汇率风险，避免汇兑损失，公司2016年主要采取以人民币为主的融资策略，基于公司对直接融资窗口的判断及流动性管理需要，直接融资规模同比净增加130亿元，较2015年以外汇为主的融资策略，融资利率有所上升，且下属子公司湛江钢铁在建工程转为固定资产，相应融资利息不再资本化，转列财务费用，受上述多因素影响，本年利息支出同比增加10.2亿元；,17,1,0,"[""[\""[]\""]""]",no_penalty,赵雨洁,,
p-600019,cl-e0baeacc8110,本年财务费用较去年同期减少2.1亿元，主要为：去年8月央行调整人民币汇率中间价形成机制，人民币兑美元快速贬值，公司按照“外汇融资利率加汇率锁定成本”小于可比人民币融资成本的敲出原则，实施外币债务切换，形成汇兑损失16.9亿元，而本年因融资主币种已切换为人民币，累计汇兑损失为1.7亿元，同比减少15.1亿元；,17,1,0,"[""[\""[]\""]""]",no_penalty,赵雨洁,,
p-600019,cl-0c0c94044020,本年财务费用较去年同期减少6.1亿元，其中：利息收入同比减少2.7亿元，主要为吴淞地块转让款已于2017年4月结清，相应利息收入同比减少1.8亿元。,18,1,0,"[""[\""[]\""]""]",no_penalty,赵雨洁,,
p-600019,cl-4e2b1e456580,4)  财务费用43.5亿元，去年同期为33.5亿元，同比增加流量10.0亿元；,18,1,0,"[""[\""[]\""]""]",no_penalty,赵雨洁,,
p-600019,cl-6b6d6ea59185,（4）财务费用22.1亿元，去年同期为24.7亿元，同比减少流量2.6亿元；,18,1,0,"[""[\""[]\""]""]",no_penalty,赵雨洁,,
p-600019,cl-7a733c75d429,本年财务费用较上年同期减少19.1亿元，其中：利息支出减少6.4亿元，主要为今年平均有息负债规模较去年下降；,18,1,0,"[""[\""[]\""]""]",no_penalty,赵雨洁,,
p-600019,cl-919012b4dacc,4)财务费用13.3亿元，上年同期为23.5亿元，同比减少流量10.2亿元；,18,1,0,"[""[\""[]\""]""]",no_penalty,赵雨洁,,
p-600019,cl-9d80ca9c2fb7,4、财务费用16.3亿元，上年同期为8.5亿元，同比增加流量7.8亿元；,18,1,0,"[""[\""[]\""]""]",no_penalty,赵雨洁,,
p-600019,cl-31a004116938,4、财务费用12.6亿元，上年同期为15.6亿元，同比减少流量3.0亿元；,19,1,0,"[""[\""[\\\""[\\\\\\\""object\\\\\\\"", \\\\\\\""owner\\\\\\\""]\\\""]\""]""]",p_penalty,赵雨洁,,
p-600019,cl-501362109006,√适用□不适用2017年公司实现净利润204.0亿元，固定资产折旧及摊销183.5亿元，计提资产减值准备与处置资产损失19.7亿元，财务费用、公允价值变动损失、投资损失、递延所得税变动等项目共2.9亿元，全年经营应得现金410.2亿元。,19,1,0,"[""[\""[]\""]""]",no_penalty,赵雨洁,,
p-600019,cl-66967603d121,(4)财务费用33.5亿元，去年同期为39.6亿元，同比减少流量6.1亿元。,19,1,0,"[""[\""[]\""]""]",no_penalty,赵雨洁,,
p-600019,cl-739b9adf3243,4、财务费用8.5亿元，上年同期为12.6亿元，同比减少流量4.1亿元；,19,1,0,"[""[\""[\\\""[\\\\\\\""object\\\\\\\"", \\\\\\\""owner\\\\\\\""]\\\""]\""]""]",p_penalty,赵雨洁,,
p-600019,cl-a482ec5ced64,4)  财务费用23.5亿元，去年同期为43.6亿元，同比减少流量20.1亿元；,19,1,0,"[""[\""[]\""]""]",no_penalty,赵雨洁,,
p-600019,cl-c9f6488354b3,4、财务费用15.6亿元，上年同期为13.9亿元，同比增加流量1.7亿元。,19,1,0,"[""[\""[\\\""[\\\\\\\""object\\\\\\\"", \\\\\\\""owner\\\\\\\""]\\\""]\""]""]",p_penalty,赵雨洁,,
p-600019,cl-66d18c042d31,公司2016年计划产铁2679万吨、产钢2711万吨、销售商品坯材2344万吨、营业总收入1604亿元、营业成本1491亿元。,22,1,0,"[""[\""[\\\""[\\\\\\\""owner\\\\\\\""]\\\""]\""]""]",no_penalty,赵雨洁,,
p-600019,cl-e233d9504e2b,2016年是湛江钢铁项目全面投产年，各条产线将以成本倒逼为核心，努力挖掘成本改善潜力点，提高成本竞争力，确保经营亏损可控。,23,1,0,"[""[\""[\\\""[\\\\\\\""metric\\\\\\\"", \\\\\\\""owner\\\\\\\""]\\\""]\""]""]",no_penalty,赵雨洁,,
p-600019,cl-6531897b6248,2015年，是新环保法实施的第一年，面对政府、社会愈加严格的环境保护和节能减排要求，公司密切关注环保相关法律法规标准的变化动态，及时解读、比对并纳入或转化成公司的相关制度和管理要求，通过开展合规性自查自纠、隐患排查、风险提示、环保项目推进、环保监察等一系列工作，全面降低或消除环保风险。,24,1,0,"[""[\""[\\\""[\\\\\\\""metric\\\\\\\"", \\\\\\\""owner\\\\\\\""]\\\""]\""]""]",no_penalty,赵雨洁,,
p-600019,cl-b0f5eecb6c26,2015年8月央行调整人民币汇率中间价形成机制，人民币兑美元快速贬值，公司严格执行年度汇率风险管理预案，按照“外汇融资利率加汇率锁定成本”小于可比人民币融资成本的敲出原则，对外币债务实施切换，公司将外汇融资汇率风险控制在可承受范围内。,24,1,0,"[""[\""[\\\""[\\\\\\\""metric\\\\\\\"", \\\\\\\""owner\\\\\\\""]\\\""]\""]""]",no_penalty,赵雨洁,,
p-600019,cl-9e288bbde015,与年度经营目标比，2016年公司全方位成本削减58.5亿元，经营活动净现金流入184.1亿元（不含财务公司），冷轧汽车板占有率超过50%，正式员工劳动效率提升比例6.5%，超额完成年度经营目标，实现了国内行业业绩最优。,25,1,0,"[""[\""[\\\""[\\\\\\\""owner\\\\\\\""]\\\""]\""]""]",no_penalty,赵雨洁,,
p-600019,cl-14eda23842b1,"2021年，公司计划产铁4,549万吨、产钢5,113万吨、销售商品坯材4,944万吨、营业总收入2,896亿元、营业成本2,559亿元。",26,1,0,"[""[\""[]\""]""]",no_penalty,赵雨洁,,
p-600019,cl-6ffa7daac574,追求价值创造，保持行业引领”的经营总方针，努力实现“经营业绩国内行业第一，核心产品市场占有率50%以上，钢铁主业人均钢产量达到1500吨/人•年，成本环比削减7.2亿元以上（定比2018年90亿元以上），实现智慧制造2.0版突破，重大项目实现节点目标”的经营总目标。,26,1,0,"[""[\""[\\\""[\\\\\\\""period\\\\\\\""]\\\""]\""]""]",p_penalty,赵雨洁,,
p-600019,cl-c4f4249eccfd,"2019年，宝钢股份计划产铁4,546万吨、产钢4,818万吨、销售商品坯材4,679万吨、营业总收入2,731亿元、营业成本2,419亿元。",26,1,0,"[""[\""[]\""]""]",no_penalty,赵雨洁,,
p-600019,cl-0e0f231343d0,2018年，宝钢股份计划产铁4563万吨、产钢4737万吨、销售商品坯材4568万吨、营业总收入2786亿元、营业成本2420亿元。,27,1,0,"[""[\""[]\""]""]",no_penalty,赵雨洁,,
p-600019,cl-7f4980972f82,源、成本及使用情况2019年公司预算安排固定资产投资资金159.9亿元，主要用于湛江三高炉系统项目设备采购；,27,1,0,"[""[\""[]\""]""]",no_penalty,赵雨洁,,
p-600019,cl-e67c27e755c3,"2020年，公司计划产铁4,343万吨、产钢4,636万吨、销售商品坯材4,478万吨、营业总收入2,704亿元、营业成本2,390亿元。",27,1,0,"[""[\""[]\""]""]",no_penalty,赵雨洁,,
p-600019,cl-135659f255bb,宝钢股份各基地结合自身特点和当地政府要求，开展对标找差工作，从“排放地图”过程管理、固废零出厂、厂容环境改善等多方面推进城市钢厂建设，主要环保指标实绩得到持续改善，重点污染源在线排放100％过程达标，全年无重大环境风险事件。,28,1,0,"[""[]""]",no_penalty,赵雨洁,,
p-600019,cl-a77a2b629b84,"2022年，公司计划产铁4,687万吨，产钢5,148万吨，销售商品坯材4,975万吨、营业总收入3,315亿元、营业成本2,971亿元。",29,1,0,"[""[\""[]\""]""]",no_penalty,赵雨洁,,
p-600019,cl-90905a4c830b,"2025年，公司计划产铁4,879万吨、产钢5,261万吨、销售商品坯材5,224万吨，营业总收入3,120亿元、营业成本2,909亿元。",31,1,0,"[""[\""[]\""]""]",no_penalty,赵雨洁,,
p-600019,cl-86f18439288e,"2023年，公司计划产铁4,877万吨，产钢5,089万吨，销售商品坯材5,121万吨、营业总收入3,383亿元、营业成本3,135亿元。",32,1,0,"[""[\""[]\""]""]",no_penalty,赵雨洁,,
p-600019,cl-60239c71138c,"2024年，公司计划产铁4,906万吨、产钢5,150万吨、销售商品坯材5,222万吨，营业总收入3,302亿元、营业成本3,034亿元。",33,1,0,"[""[\""[]\""]""]",no_penalty,赵雨洁,,
p-600019,cl-9bfdef2dc9d9,2024年，公司预算安排固定资产投资资金239.2亿元，主要用于宝山基地硅钢四期二步、高效电炉及二高线项目、青山基地硅钢规划系列项目、东山基地零碳薄钢板工厂建设、梅山基地打造第一热轧建设和节能降碳项目等。,33,1,0,"[""[\""[]\""]""]",no_penalty,赵雨洁,,
p-600019,cl-179fe533b696,2021年，面对双碳背景下钢铁行业产能产量“双限”、能耗“双控”以及市场剧烈波动等错综复杂的风险挑战，公司统筹推进各项生产经营工作，持续深化管理变革，取得超预期成效，全年公司利润总额创历史新高，继续保持国内行业第一。,9,1,0,"[""[\""[]\""]""]",no_penalty,赵雨洁,,
p-600019,cl-4d147ac6d65c,2021年，钢铁行业市场需求旺盛，带动粗钢消费快速增长，钢铁行业效益创历史最好水平，实现“十四五”良好开局。,9,0,0,"[""[\""[\\\""[\\\\\\\""object\\\\\\\"", \\\\\\\""metric\\\\\\\"", \\\\\\\""result\\\\\\\"", \\\\\\\""owner\\\\\\\""]\\\""]\""]""]",no_penalty,赵雨洁,,
p-600019,cl-a8bf124e8f61,到2025年，短流程炼钢产量占比达15%，严格合理控制煤炭消费总量。,10,0,0,"[""[\""[\\\""[\\\\\\\""owner\\\\\\\""]\\\""]\""]""]",no_penalty,赵雨洁,,
p-600019,cl-24d098eddf8c,克服市场大幅波动影响，产销研协同均衡发力，发挥多制造基地运营与协同优势，动态优化产线分工，加快构建高效运行管控机制，深化产品经营和专业化管理变革，公司产品结构、质量、服务与盈利水平不断提升，2021年，公司实现利润总额307.1亿元，创历史新高，同比去年增长91%，经营业绩保持国内行业第一。,11,1,0,"[""[\""[]\""]""]",no_penalty,赵雨洁,,
p-600019,cl-92c2bf38dd29,全年实现“1+1+N”产品销量2792万吨，同比上升10%。,11,1,0,"[""[]""]",no_penalty,赵雨洁,,
p-600019,cl-b635d0f7fd24,全年实现“1+1+N”产品销量2538万吨，销量同比上升183万吨。,11,1,0,"[""[]""]",no_penalty,赵雨洁,,
p-600019,cl-bb09ead52956,全年实现“1+1+N”产品销量3059万吨，同比上升9.6%，出口销量606.7万吨，同比上升3.9%。,11,1,0,"[""[]""]",no_penalty,赵雨洁,,
p-600019,cl-29b5055a18ee,②2015年度产销量中包含销售给宝日汽车板的碳钢产品164.6万吨，不包含宝日汽车板冷轧碳钢板卷的产销量199.0万吨。,12,1,0,"[""[\""[\\\""[\\\\\\\""period\\\\\\\"", \\\\\\\""owner\\\\\\\""]\\\""]\""]""]",p_penalty,赵雨洁,,
p-600019,cl-7b88978a6b2d,受钢材市场价格大幅下跌，下游行业需求持续低迷等因素影响，2015年公司主要产品的毛利率较去年有较大幅度下降。,12,1,0,"[""[\""[\\\""[\\\\\\\""metric\\\\\\\""]\\\""]\""]""]",no_penalty,赵雨洁,,
p-600019,cl-75f3e497daa4,2018年国内钢铁市场总体稳中向好，钢铁需求基本稳定，钢材价格稳中有升，中钢协钢材综合价格CSPI指数同比上年年均上涨7.7%。,13,0,0,"[""[\""[\\\""[\\\\\\\""owner\\\\\\\""]\\\""]\""]""]",no_penalty,赵雨洁,,
p-600019,cl-a431e809134b,营业收入变动原因说明：受下游行业钢材需求大幅增长与国内外钢材价格大幅上涨，叠加上年同期低基数效应影响，公司营业收入较上年同期大幅增长。,13,1,0,"[""[\""[\\\""[\\\\\\\""metric\\\\\\\""]\\\""]\""]""]",no_penalty,赵雨洁,,
p-600019,cl-04af30700447,2021年，公司抓住疫情后国内外钢铁需求恢复契机，动态优化购销端价格策略，把握行情波动，购销价格跑赢大盘；,14,1,,,pending,,,
p-600019,cl-826086f17390,产销量情况说明2021年，公司出口钢铁产品399.0万吨，出口分渠道销售情况如下：,14,1,0,"[""[\""[]\""]""]",no_penalty,赵雨洁,,
p-600019,cl-21a44ae1a054,产销量情况说明2022年，公司出口钢铁产品398.1万吨，出口分渠道情况如下：,15,1,0,"[""[\""[\\\""[\\\\\\\""metric\\\\\\\""]\\\""]\""]""]",no_penalty,赵雨洁,,
p-600019,cl-5b672f41e079,2021年继续深耕海外各区域市场：东南亚、南亚继续发挥海外市场产销平衡主力军作用，年度签约128万吨；,15,1,0,"[""[\""[]\""]""]",no_penalty,赵雨洁,,
p-600019,cl-9965b0936738,得益于基建、房地产等下游行业稳定运行，2019年钢铁行业市场需求较好，全年粗钢产量9.96亿吨，同比增长8.3%，钢铁行业高供给压力有所显现。,15,0,0,"[""[\""[\\\""[\\\\\\\""owner\\\\\\\""]\\\""]\""]""]",no_penalty,赵雨洁,,
p-600019,cl-aa57bb8856fc,注：2018年度销售量中包含销售给宝日汽车板的碳钢产品201.0万吨，不包含宝日汽车板冷轧碳,15,0,0,"[""[\""[]\""]""]",no_penalty,赵雨洁,,
p-600019,cl-b7312ac577a2,2022年，原燃料价格持续高位运行，钢材市场价格因下游需求恢复不及预期，同比出现大幅下滑，公司购销差价进一步收窄，主要产品的毛利率较上年有所下降。,15,1,0,"[""[\""[]\""]""]",no_penalty,赵雨洁,,
p-600019,cl-d1cf710d8dce,2016年宝钢产品出口至70余个国家和地区，韩国、意大利等传统市场销量稳定，市场得以深耕；,15,1,0,"[""[\""[\\\""[\\\\\\\""metric\\\\\\\""]\\\""]\""]""]",no_penalty,赵雨洁,,
p-600019,cl-f757bbdb0950,产销量情况说明2024年，公司出口钢铁产品签约量606.7万吨，出口签约量分渠道情况如下：,15,1,0,"[""[\""[\\\""[\\\\\\\""metric\\\\\\\""]\\\""]\""]""]",no_penalty,赵雨洁,,
p-600019,cl-fcff1d6abf40,产销量情况说明2023年，公司出口钢铁产品签约量583.7万吨，出口签约量分渠道情况如下：,15,1,0,"[""[\""[\\\""[\\\\\\\""metric\\\\\\\""]\\\""]\""]""]",no_penalty,赵雨洁,,
p-600019,cl-04653d7daca7,注：2017年度销售量中包含销售给宝日汽车板的热轧等产品202.6万吨，不包含宝日汽车板冷轧,16,0,0,"[""[\""[]\""]""]",no_penalty,赵雨洁,,
p-600019,cl-5baf86a08db1,受供给侧改革带来的政策红利逐渐衰减、钢铁行业高供给压力增大、下游行业需求分化、钢材价格下行与铁矿石价格大幅上涨影响，2019年公司主要产品的毛利率较去年下降。,16,1,0,"[""[\""[]\""]""]",no_penalty,赵雨洁,,
p-600019,cl-941e8a1f5869,2020年持续深耕海外各区域市场：其中东南亚、南亚市场占出口总量46%，对于公司整体产销平衡贡献较大；,16,1,0,"[""[\""[\\\""[\\\\\\\""period\\\\\\\""]\\\""]\""]""]",p_penalty,赵雨洁,,
p-600019,cl-a5d7cc420479,2018年公司持续深耕海外区域市场，因地制宜，实现市场的突破，东南亚、南亚区域全年销量达201万吨，再创历史新高。,16,1,0,"[""[\""[]\""]""]",no_penalty,赵雨洁,,
p-600019,cl-b8a7d6133c91,2017年宝钢产品出口至90余个国家和地区，韩国、意大利等传统市场销量稳定，市场得以深耕；,16,1,0,"[""[\""[\\\""[\\\\\\\""metric\\\\\\\""]\\\""]\""]""]",no_penalty,赵雨洁,,
p-600019,cl-c1693cd980bb,中南美市场开拓有效，销量同比增长32%。,16,1,0,"[""[]""]",no_penalty,赵雨洁,,
p-600019,cl-9d2ad464d690,产销量情况说明2019年，公司出口钢铁产品362.1万吨，出口分渠道销售情况如下：,17,1,0,"[""[\""[\\\""[\\\\\\\""owner\\\\\\\""]\\\""]\""]""]",no_penalty,赵雨洁,,
p-600019,cl-cc59823d3be0,注：2019年度销售量中包含销售给宝日汽车板的碳钢产品196.5万吨，不包含宝日汽车板冷轧碳,17,0,0,"[""[\""[\\\""[\\\\\\\""object\\\\\\\"", \\\\\\\""period\\\\\\\"", \\\\\\\""metric\\\\\\\"", \\\\\\\""result\\\\\\\"", \\\\\\\""owner\\\\\\\""]\\\""]\""]""]",no_penalty,赵雨洁,,
p-600019,cl-b9ae44ab9c73,2024年公司通过配合政府部门及宝武集团内产量优化调控，实现钢产能的有效发挥。,21,1,0,"[""[\""[\\\""[\\\\\\\""metric\\\\\\\"", \\\\\\\""result\\\\\\\""]\\\""]\""]""]",p_penalty,赵雨洁,,
p-600019,cl-1b4a59d51590,与年度经营计划比，2015年营业总收入较计划减少298.46亿元，其中：普碳钢影响收入减少197.01亿元，钢铁贸易收入减少104.73亿元，主要是受销售价格下降、品种结构与销量下降的综合影响。,22,1,0,"[""[\""[\\\""[\\\\\\\""owner\\\\\\\""]\\\""]\""]""]",no_penalty,赵雨洁,,
p-600019,cl-6485ad91c226,2023年公司通过配合政府部门及宝武集团内产量优化调控，实现钢产能的有效发挥。,23,1,0,"[""[\""[\\\""[\\\\\\\""metric\\\\\\\"", \\\\\\\""result\\\\\\\""]\\\""]\""]""]",p_penalty,赵雨洁,,
p-600019,cl-36b13e2deabf,同质化产品形成区域市场控制力，产品销量同比增长。,27,1,0,"[""[\""metric\"", \""result\""]""]",p_penalty,赵雨洁,,
p-600019,cl-388ef5148ce6,2024年，国内投资端保持高景气度，内需持续扩大，以新基建、新能源、光伏产业、数字经济为代表的新兴产业释放的新质生产力，将成为拉动钢材需求和产品结构升级的重要动力。,32,0,0,"[""[\""[\\\""[\\\\\\\""object\\\\\\\"", \\\\\\\""period\\\\\\\"", \\\\\\\""metric\\\\\\\"", \\\\\\\""result\\\\\\\"", \\\\\\\""owner\\\\\\\""]\\\""]\""]""]",no_penalty,赵雨洁,,
