project_id,period,scope,receivable_gross,over_one_year,revenue,source_page,source_text,status,note,reviewer
↑ 项目编号，不要改,↑ 年度，不要改,↑ 口径，固定 consolidated（会计口径 §2.1 要求合并报表）,↑ 应收账款**账面余额**（gross），单位：元,↑ 账龄「1年以上」的账面余额，单位：元,↑ 营业收入，单位：元,↑ 年报页码,↑ 原文片段（那几行的原文，便于复核）,↑ pending / validated / proxy_net / unavailable_disclosure / needs_review,↑ 非 validated 时必填：为什么,↑ 复核人
p-000932,2016,consolidated,2708362700.69,911715074.18,49811470594.33,108,"账龄：1年以内1,796,647,626.51；1-2年491,928,560.35；2-3年278,406,697.47；3年以上141,379,816.36；小计2,708,362,700.69。合并利润表营业收入49,811,470,594.33。",validated,,赵雨洁
p-000932,2017,consolidated,3052650677.93,866218316.29,76511413640.45,102,"账龄：1年以内2,186,432,361.64；1-2年352,442,920.44；2-3年205,028,372.09；3-4年167,367,207.40；4年以上141,379,816.36；小计3,052,650,677.93。合并利润表营业收入76,511,413,640.45。",validated,,赵雨洁
p-000932,2018,consolidated,3795194944.91,731807735.99,91178778280.93,117,"账龄：1年以内3,063,387,208.92；1-2年117,258,880.58；2-3年148,274,943.23；3-4年157,526,888.42；4年以上308,747,023.76；小计3,795,194,944.91。合并利润表营业收入91,178,778,280.93。",validated,该表跨页：117–118,赵雨洁
p-000932,2019,consolidated,4320935540.61,,107115634136.30,123,"应收账款账面余额合计4,320,935,540.61，其中单项计提783,459,956.74、按组合计提3,537,475,583.87；年报仅披露账龄组合3,526,828,427.27的账龄明细，未披露单项计提部分的完整账龄。合并利润表营业收入107,115,634,136.30。",unavailable_disclosure,年报披露应收账款总额及账龄组合明细，但未披露单项计提部分的完整账龄，无法计算全口径1年以上余额。；该表跨页：123–125,赵雨洁
p-000932,2020,consolidated,3575192955.88,805740908.59,116275902865.06,120,"账龄：1年以内2,769,452,047.29；1-2年187,661,590.16；2-3年8,394,040.13；3-4年72,457,510.87；4-5年89,889,847.06；5年以上447,337,920.37；合计3,575,192,955.88。合并利润表营业收入116,275,902,865.06。",validated,,赵雨洁
p-000932,2021,consolidated,4898040389.04,767659479.24,171175965546.23,112,"账龄：1年以内4,130,380,909.80；1-2年21,997,861.04；2-3年165,234,036.89；3-4年4,200,768.97；4-5年68,975,102.78；5年以上507,251,709.56；合计4,898,040,389.04。合并利润表营业收入171,175,965,546.23。",validated,,赵雨洁
p-000932,2022,consolidated,5249692032.60,806622777.54,168098510170.45,113,"账龄：1年以内 4,443,069,255.06；1-2年 67,899,129.69；2-3年 1,190,525.67；3-4年 159,134,220.21；4-5年 3,757,860.90；5年以上 574,641,041.07；合计 5,249,692,032.60。营业收入 168,098,510,170.45。",validated,该表跨页：113–114,赵雨洁
p-000932,2023,consolidated,5978291002.59,776388062.88,163896801679.06,119,"账龄：1年以内 5,201,902,939.71；1-2年 41,752,426.32；2-3年 8,570,564.55；3-4年 936,613.34；4-5年 158,792,294.58；5年以上 566,336,164.09；合计 5,978,291,002.59。营业收入 163,896,801,679.06。",validated,,赵雨洁
p-000932,2024,consolidated,4672941232.54,740678995.78,144111823748.32,117,"账龄：1年以内 3,932,262,236.76；1-2年 24,481,044.35；2-3年 1,541,713.47；3-4年 128,454.36；4-5年 46,101.72；5年以上 714,481,681.88；合计 4,672,941,232.54。营业收入 144,111,823,748.32。",validated,,赵雨洁
p-000959,2015,consolidated,440643151.47,113240309.86,17843232849.43,84,"账龄：1年以内(含1年) 327,402,841.61；1至2年 44,487,931.44；2至3年 68,430,411.34；3年以上 321,967.08；合计 440,643,151.47。营业收入 17,843,232,849.43。",validated,会计方向初审：已按年报账龄表及营业收入原文核对；1年以上=1至2年+2至3年+3年以上（或该年更细分账龄合计）。,会计方向初审-2026-10-10
p-000959,2016,consolidated,1035135309.74,99509595.13,41850407993.16,96,"账龄：1年以内(含1年) 935,625,714.61；1至2年 28,001,315.02；2至3年 44,487,931.44；3至4年 27,020,348.67；合计 1,035,135,309.74。营业收入 41,850,407,993.16。",validated,会计方向初审：已按年报账龄表及营业收入原文核对；1年以上=1至2年+2至3年+3年以上（或该年更细分账龄合计）。,会计方向初审-2026-10-10
p-000959,2017,consolidated,1398869416.28,87378292.45,60250154291.48,100,"账龄：1年以内(含1年) 1,311,491,123.83；1至2年 23,062,897.88；2至3年 27,794,651.67；3至4年 31,581,350.46；4至5年 4,939,392.44；合计 1,398,869,416.28。营业收入 60,250,154,291.48。",validated,会计方向初审：已按年报账龄表及营业收入原文核对；1年以上=1至2年+2至3年+3年以上（或该年更细分账龄合计）。,会计方向初审-2026-10-10
p-000959,2018,consolidated,918190578.96,52178208.02,65776660538.90,102,"账龄：1年以内(含1年) 866,012,370.94；1至2年 28,362,914.81；2至3年 22,935,663.46；3至4年 879,629.75；合计 918,190,578.96。营业收入 65,776,660,538.90。",validated,会计方向初审：已按年报账龄表及营业收入原文核对；1年以上=1至2年+2至3年+3年以上（或该年更细分账龄合计）。,会计方向初审-2026-10-10
p-000959,2019,consolidated,875354245.63,17192505.42,68841307821.91,107,"账龄：1年以内(含1年) 858,161,740.21；1至2年 9,591,493.60；2至3年 200,000.00；3年以上 7,401,011.82；合计 875,354,245.63。营业收入 68,841,307,821.91。",validated,会计方向初审：已按年报账龄表及营业收入原文核对；1年以上=1至2年+2至3年+3年以上（或该年更细分账龄合计）。,会计方向初审-2026-10-10
p-000959,2020,consolidated,1493206998.95,24386572.03,79951181948.10,118,"账龄：1年以内(含1年) 1,468,820,426.92；1至2年 7,459,500.63；2至3年 11,835,039.58；3年以上 5,092,031.82；合计 1,493,206,998.95。营业收入 79,951,181,948.10。",validated,会计方向初审：已按年报账龄表及营业收入原文核对；1年以上=1至2年+2至3年+3年以上（或该年更细分账龄合计）。,会计方向初审-2026-10-10
p-000959,2021,consolidated,1756801638.73,21903779.72,134034486136.13,126,"账龄：1年以内(含1年) 1,734,897,859.01；1至2年 5,469,120.72；2至3年 7,533,727.52；3年以上 8,900,931.48；合计 1,756,801,638.73。营业收入 134,034,486,136.13。",validated,会计方向初审：已按年报账龄表及营业收入原文核对；1年以上=1至2年+2至3年+3年以上（或该年更细分账龄合计）。,会计方向初审-2026-10-10
p-000959,2022,consolidated,1523188762.01,30559705.90,118142183549.47,126,"账龄：1年以内(含1年) 1,492,629,056.11；1至2年 13,542,310.43；2至3年 3,980,837.55；3年以上 13,036,557.92；合计 1,523,188,762.01。营业收入 118,142,183,549.47。",validated,,赵雨洁
p-000959,2023,consolidated,1427450751.09,15723678.92,113761443633.43,112,"账龄：1年以内(含1年) 1,411,727,072.17；1至2年 3,579,859.18；2至3年 7,373,272.12；3年以上 4,770,547.62；合计 1,427,450,751.09。营业收入 113,761,443,633.43。",validated,,赵雨洁
p-000959,2024,consolidated,1709364837.09,50986829.31,108310796466.52,99,"账龄：1年以内(含1年) 1,658,378,007.78；1至2年 41,912,869.50；2至3年 544,465.95；3年以上 8,529,493.86；合计 1,709,364,837.09。营业收入 108,310,796,466.52。",validated,,赵雨洁
p-600019,2015,consolidated,9681299431.81,784339583.78,163790000000,130,"宝钢2016年报 p130「应收账款账龄如下」表·年初余额列：1年以内 8,896,959,848.03；1至2年 378,613,268.11；2至3年 187,468,604.13；3年以上 218,257,711.54；合计 9,681,299,431.81。1年以上 = 378,613,268.11+187,468,604.13+218,257,711.54 = 784,339,583.78",validated,来源说明：（宝钢2016年报）,赵雨洁
p-600019,2016,consolidated,11004298049.28,769851180.38,185459000000,130,"应收账款账龄金额：1年以内 10,234,446,868.90；1至2年 314,445,383.91；2至3年 187,124,573.69；3年以上 268,281,222.78；合计 11,004,298,049.28。营业收入 185,459 百万元。",validated,该表跨页：130–131,赵雨洁
p-600019,2017,consolidated,13887284612.48,2568841706.81,289093000000,128,"应收账款账龄金额：1年以内 11,318,442,905.67；1至2年 561,692,082.31；2至3年 142,064,643.03；3年以上 1,865,084,981.47；合计 13,887,284,612.48。营业收入 289,093 百万元；年初余额注明已重述。",validated,,赵雨洁
p-600019,2018,consolidated,14509728174.92,2279114180.09,304779000000,134,"应收账款账龄金额：1年以内 12,230,613,994.83；1至2年 424,861,213.46；2至3年 94,664,241.00；3年以上 1,759,588,725.63；合计 14,509,728,174.92。营业收入 304,779 百万元。",validated,该表跨页：134–135,赵雨洁
p-600019,2019,consolidated,13293879693.02,2509030790.22,291594000000,141,"应收账款账龄：1年以内小计 10,784,848,902.80；1至2年 367,265,720.45；2至3年 204,864,814.26；3年以上 1,936,900,255.51；合计 13,293,879,693.02。营业收入 291,594 百万元。",validated,,赵雨洁
p-600019,2020,consolidated,11669281554.65,2087964031.73,283674000000,127,"应收账款账龄：1年以内小计 9,581,317,522.92；1至2年 316,181,845.76；2至3年 143,141,329.67；3年以上 1,628,640,856.30；合计 11,669,281,554.65。营业收入 283,674 百万元。",validated,,赵雨洁
p-600019,2021,consolidated,14200005489.33,2147293679.16,364349000000,158,"应收账款账龄：1年以内小计 12,052,711,810.17；1至2年 541,344,119.26；2至3年 135,425,508.18；3年以上 1,470,524,051.72；合计 14,200,005,489.33。营业收入 364,349 百万元。",validated,,赵雨洁
p-600019,2022,consolidated,17806998572.35,2396161541.93,367778000000,153,"应收账款账龄：1年以内 15,410,837,030.42；1至2年 631,565,451.13；2至3年 258,564,206.99；3年以上 1,506,031,883.81；合计 17,806,998,572.35。营业收入 367,778 百万元。",validated,该表跨页：153–154,赵雨洁
p-600019,2023,consolidated,16280967792.82,2344764067.57,344500000000,157,"应收账款账龄：1年以内 13,936,203,725.25；1至2年 601,265,563.43；2至3年 279,354,056.73；3年以上 1,464,144,447.41；合计 16,280,967,792.82。营业收入 344,500 百万元。",validated,,赵雨洁
p-600019,2024,consolidated,15940220854.77,2471197218.81,322116000000,155,"应收账款账龄：1年以内 13,469,023,635.96；1至2年 677,842,617.57；2至3年 248,338,182.09；3年以上 1,545,016,419.15；合计 15,940,220,854.77。营业收入 322,116 百万元。",validated,,赵雨洁
