project_id,period,item,applicable,risk_object,impact_path,evidence,mitigation,conclusion,source_page,reviewer
↑ 项目编号，不要改,↑ 年度，不要改,↑ 四项之一，不要改,↑ 1 适用 / 0 不适用（不适用必须在 evidence 里写业务范围证据）,↑ 风险对象,↑ 作用路径：对收入/成本/现金流/产能/估值的影响,↑ 可核验的指标、金额、期间、事件或管理措施,↑ 缓释措施（可空）,↑ pending / sufficient / insufficient / not_applicable / needs_review,↑ 年报页码,↑ 复核人
p-000932,2022,demand_price,1,,,,,pending,,
p-000932,2022,fuel_cost,1,,,,,pending,,
p-000932,2022,environment_capacity,1,,,,,pending,,
p-000932,2022,liquidity_collection,1,,,,,pending,,
p-000932,2023,demand_price,1,,,,,pending,,
p-000932,2023,fuel_cost,1,,,,,pending,,
p-000932,2023,environment_capacity,1,,,,,pending,,
p-000932,2023,liquidity_collection,1,,,,,pending,,
p-000932,2024,demand_price,1,,,,,pending,,
p-000932,2024,fuel_cost,1,,,,,pending,,
p-000932,2024,environment_capacity,1,,,,,pending,,
p-000932,2024,liquidity_collection,1,,,,,pending,,
p-000959,2022,demand_price,1,,,,,pending,,
p-000959,2022,fuel_cost,1,,,,,pending,,
p-000959,2022,environment_capacity,1,,,,,pending,,
p-000959,2022,liquidity_collection,1,,,,,pending,,
p-000959,2023,demand_price,1,,,,,pending,,
p-000959,2023,fuel_cost,1,,,,,pending,,
p-000959,2023,environment_capacity,1,,,,,pending,,
p-000959,2023,liquidity_collection,1,,,,,pending,,
p-000959,2024,demand_price,1,,,,,pending,,
p-000959,2024,fuel_cost,1,,,,,pending,,
p-000959,2024,environment_capacity,1,,,,,pending,,
p-000959,2024,liquidity_collection,1,,,,,pending,,
p-600019,2015,demand_price,1,,,,,pending,,
p-600019,2015,fuel_cost,1,,,,,pending,,
p-600019,2015,environment_capacity,1,,,,,pending,,
p-600019,2015,liquidity_collection,1,,,,,pending,,
p-600019,2016,demand_price,1,,,,,pending,,
p-600019,2016,fuel_cost,1,,,,,pending,,
p-600019,2016,environment_capacity,1,,,,,pending,,
p-600019,2016,liquidity_collection,1,,,,,pending,,
p-600019,2017,demand_price,1,,,,,pending,,
p-600019,2017,fuel_cost,1,,,,,pending,,
p-600019,2017,environment_capacity,1,,,,,pending,,
p-600019,2017,liquidity_collection,1,,,,,pending,,
p-600019,2018,demand_price,1,,,,,pending,,
p-600019,2018,fuel_cost,1,,,,,pending,,
p-600019,2018,environment_capacity,1,,,,,pending,,
p-600019,2018,liquidity_collection,1,,,,,pending,,
p-600019,2019,demand_price,1,,,,,pending,,
p-600019,2019,fuel_cost,1,,,,,pending,,
p-600019,2019,environment_capacity,1,,,,,pending,,
p-600019,2019,liquidity_collection,1,,,,,pending,,
p-600019,2020,demand_price,1,,,,,pending,,
p-600019,2020,fuel_cost,1,,,,,pending,,
p-600019,2020,environment_capacity,1,,,,,pending,,
p-600019,2020,liquidity_collection,1,,,,,pending,,
p-600019,2021,demand_price,1,,,,,pending,,
p-600019,2021,fuel_cost,1,,,,,pending,,
p-600019,2021,environment_capacity,1,,,,,pending,,
p-600019,2021,liquidity_collection,1,,,,,pending,,
p-600019,2022,demand_price,1,,,,,pending,,
p-600019,2022,fuel_cost,1,,,,,pending,,
p-600019,2022,environment_capacity,1,,,,,pending,,
p-600019,2022,liquidity_collection,1,,,,,pending,,
p-600019,2023,demand_price,1,,,,,pending,,
p-600019,2023,fuel_cost,1,,,,,pending,,
p-600019,2023,environment_capacity,1,,,,,pending,,
p-600019,2023,liquidity_collection,1,,,,,pending,,
p-600019,2024,demand_price,1,,,,,pending,,
p-600019,2024,fuel_cost,1,,,,,pending,,
p-600019,2024,environment_capacity,1,,,,,pending,,
p-600019,2024,liquidity_collection,1,,,,,pending,,
