"project_id","period","scope","receivable_gross","over_one_year","revenue","source_page","source_text","status","note","reviewer"
"p-000959","2015","consolidated","440643151.47","113240309.86","17843232849.43","84","账龄：1年以内(含1年) 327,402,841.61；1至2年 44,487,931.44；2至3年 68,430,411.34；3年以上 321,967.08；合计 440,643,151.47。营业收入 17,843,232,849.43。","validated","会计方向初审：已按年报账龄表及营业收入原文核对；1年以上=1至2年+2至3年+3年以上（或该年更细分账龄合计）。","会计方向初审-2026-10-10"
"p-000959","2016","consolidated","1035135309.74","99509595.13","41850407993.16","96","账龄：1年以内(含1年) 935,625,714.61；1至2年 28,001,315.02；2至3年 44,487,931.44；3至4年 27,020,348.67；合计 1,035,135,309.74。营业收入 41,850,407,993.16。","validated","会计方向初审：已按年报账龄表及营业收入原文核对；1年以上=1至2年+2至3年+3年以上（或该年更细分账龄合计）。","会计方向初审-2026-10-10"
"p-000959","2017","consolidated","1398869416.28","87378292.45","60250154291.48","100","账龄：1年以内(含1年) 1,311,491,123.83；1至2年 23,062,897.88；2至3年 27,794,651.67；3至4年 31,581,350.46；4至5年 4,939,392.44；合计 1,398,869,416.28。营业收入 60,250,154,291.48。","validated","会计方向初审：已按年报账龄表及营业收入原文核对；1年以上=1至2年+2至3年+3年以上（或该年更细分账龄合计）。","会计方向初审-2026-10-10"
"p-000959","2018","consolidated","918190578.96","52178208.02","65776660538.90","102","账龄：1年以内(含1年) 866,012,370.94；1至2年 28,362,914.81；2至3年 22,935,663.46；3至4年 879,629.75；合计 918,190,578.96。营业收入 65,776,660,538.90。","validated","会计方向初审：已按年报账龄表及营业收入原文核对；1年以上=1至2年+2至3年+3年以上（或该年更细分账龄合计）。","会计方向初审-2026-10-10"
"p-000959","2019","consolidated","875354245.63","17192505.42","68841307821.91","107","账龄：1年以内(含1年) 858,161,740.21；1至2年 9,591,493.60；2至3年 200,000.00；3年以上 7,401,011.82；合计 875,354,245.63。营业收入 68,841,307,821.91。","validated","会计方向初审：已按年报账龄表及营业收入原文核对；1年以上=1至2年+2至3年+3年以上（或该年更细分账龄合计）。","会计方向初审-2026-10-10"
"p-000959","2020","consolidated","1493206998.95","24386572.03","79951181948.10","118","账龄：1年以内(含1年) 1,468,820,426.92；1至2年 7,459,500.63；2至3年 11,835,039.58；3年以上 5,092,031.82；合计 1,493,206,998.95。营业收入 79,951,181,948.10。","validated","会计方向初审：已按年报账龄表及营业收入原文核对；1年以上=1至2年+2至3年+3年以上（或该年更细分账龄合计）。","会计方向初审-2026-10-10"
"p-000959","2021","consolidated","1756801638.73","21903779.72","134034486136.13","126","账龄：1年以内(含1年) 1,734,897,859.01；1至2年 5,469,120.72；2至3年 7,533,727.52；3年以上 8,900,931.48；合计 1,756,801,638.73。营业收入 134,034,486,136.13。","validated","会计方向初审：已按年报账龄表及营业收入原文核对；1年以上=1至2年+2至3年+3年以上（或该年更细分账龄合计）。","会计方向初审-2026-10-10"
"p-000959","2022","consolidated","1523188762.01","30559705.90","118142183549.47","126","账龄：1年以内(含1年) 1,492,629,056.11；1至2年 13,542,310.43；2至3年 3,980,837.55；3年以上 13,036,557.92；合计 1,523,188,762.01。营业收入 118,142,183,549.47。","validated","","赵雨洁"
"p-000959","2023","consolidated","1427450751.09","15723678.92","113761443633.43","112","账龄：1年以内(含1年) 1,411,727,072.17；1至2年 3,579,859.18；2至3年 7,373,272.12；3年以上 4,770,547.62；合计 1,427,450,751.09。营业收入 113,761,443,633.43。","validated","","赵雨洁"
"p-000959","2024","consolidated","1709364837.09","50986829.31","108310796466.52","99","账龄：1年以内(含1年) 1,658,378,007.78；1至2年 41,912,869.50；2至3年 544,465.95；3年以上 8,529,493.86；合计 1,709,364,837.09。营业收入 108,310,796,466.52。","validated","","赵雨洁"
