"project_id","period","item","applicable","risk_object","impact_path","evidence","mitigation","conclusion","source_page","reviewer"
"p-000959","2015","demand_price","1","钢材下游需求与钢材价格波动","需求或价格变化通过销售量/售价传导至营业收入、毛利和估值","（风险章节「产品价格风险」p18）鉴于钢铁行业产能过剩、同质化竞争严重，钢铁产品低端供给过剩和高端供给不足并存的结构性矛盾， 且短期内难有改观，钢企间竞争加剧，钢材市场弱势局面难以改善，产品价格存在低位运行风险。","为应对上述风险，公司将进一步调整产品结构，增加受市场影响相对较小的品种钢销售量；加大高价 位区域渠道开发力度，增加高价位区域投放量。","sufficient","18","会计方向初审-2026-10-10"
"p-000959","2015","fuel_cost","1","铁矿石、煤焦、废钢等原燃料采购价格波动","原燃料采购价格变化传导至单位成本、营业成本和毛利","（**不在风险章节**，「主营业务分析」p10）但由于市 场急剧变化，钢铁产品降价明显高于原燃料降价，且两头“剪刀差”逐月扩大，同时内部工作没有完全消化 市场变化带来的影响，主要经营目标未达到预算要求，导致公司整体业绩下滑并亏损。","","sufficient","10","会计方向初审-2026-10-10"
"p-000959","2015","environment_capacity","1","","","","","insufficient","","会计方向初审-2026-10-10"
"p-000959","2015","liquidity_collection","1","应收账款回款、客户信用及经营现金流","回款速度或信用损失影响应收余额、坏账准备、经营现金流和营运资本","（**不在风险章节**，「主营业务分析」p14）筹资活动产生的现金流量净流出较上年增加主要原因是为了配合公司重组发行了中票和并购贷款所致。","","sufficient","14","会计方向初审-2026-10-10"
"p-000959","2016","demand_price","1","钢材下游需求与钢材价格波动","需求或价格变化通过销售量/售价传导至营业收入、毛利和估值","（风险章节「政策及行业风险」p24）上游供需矛盾变数较 多，铁矿石、焦煤、铁合金等主要原燃料价格和物流成本影响因素增多，市场风险加大。 ｜ （风险章节「政策及行业风险」p24）下游钢材消费总 量、消费强度趋于下降，建筑、机械、家电、能源等用钢行业增速进一步放缓； ｜ （风险章节「产品价格风险」p24）鉴于钢铁行业产能过剩、同质化竞争严重，钢铁产品低端供给过剩和高端供给不足并存的结构性矛盾， 且短期内难有改观，钢企间竞争加剧，钢材市场弱势局面难以改善，产品价格存在低位运行风险。","为应对上述风险，公司将积极响应国家关于钢铁行业供给侧结构性改革的政策要求，持续推进产品结 构优化调整，进一步扩大有效和高端供给，不断满足国计民生对高品质钢材日益提高的需求；继续以三大 战略产品(汽车板、电工钢、镀锡板)为主线推进精品战略，不断提高战略产品国内市场占有率；积极开展 军工产品的开发和资质认证。","sufficient","24","会计方向初审-2026-10-10"
"p-000959","2016","fuel_cost","1","铁矿石、煤焦、废钢等原燃料采购价格波动","原燃料采购价格变化传导至单位成本、营业成本和毛利","（风险章节「政策及行业风险」p24）上游供需矛盾变数较 多，铁矿石、焦煤、铁合金等主要原燃料价格和物流成本影响因素增多，市场风险加大。","为应对上述风险，公司将积极响应国家关于钢铁行业供给侧结构性改革的政策要求，持续推进产品结 构优化调整，进一步扩大有效和高端供给，不断满足国计民生对高品质钢材日益提高的需求；继续以三大 战略产品(汽车板、电工钢、镀锡板)为主线推进精品战略，不断提高战略产品国内市场占有率；积极开展 军工产品的开发和资质认证。","sufficient","24","会计方向初审-2026-10-10"
"p-000959","2016","environment_capacity","1","环保、碳排放约束及钢铁产能/产量政策","环保投入、碳成本或限产政策影响产能利用、成本和可供销售量","（风险章节「环保风险」p24）人民群众对空气质量的要求越来越高，国家对环保、安全、能耗的严控日趋常态化，应对环境治理实 施的停产、限产等应急事件日益频繁，对钢铁企业的稳定高效生产造成负面影响巨大。","为应对上述风险，公司将推动绿色经营，持续节能减排。一是加强新技术开发应用，健全节能减排长 效机制，全面提升能源管理标准化、信息化水平，实现节能技术改造升级；二是积极推进循环经济发展项 目；三是继续严格贯彻落实新环境保护法，不断改善大气环境质量，实现企业与社会、企业与环境的和谐 发展，努力建设环境友好型企业。","sufficient","24","会计方向初审-2026-10-10"
"p-000959","2016","liquidity_collection","1","应收账款回款、客户信用及经营现金流","回款速度或信用损失影响应收余额、坏账准备、经营现金流和营运资本","（**不在风险章节**，「主营业务分析」p12）坚持“消存量，控增量”，通过优化采购节奏、销售策略，强化进口矿、备件联备联储协同联动，降 低存货资金占用为波段采购提供操作空间，针对四季度原燃料价格大幅上涨，按照市场节奏变化调整库存 控制策略，加大采购量，抢抓市场利好，实现从库存保产向库存经营提效转变，提升库存经营能力。","","sufficient","12","会计方向初审-2026-10-10"
"p-000959","2017","demand_price","1","","","","","insufficient","","会计方向初审-2026-10-10"
"p-000959","2017","fuel_cost","1","铁矿石、煤焦、废钢等原燃料采购价格波动","原燃料采购价格变化传导至单位成本、营业成本和毛利","（**不在风险章节**，「主营业务分析」p12）坚持“一切成本皆可降”，通过多措并举，合理安排生产与检修，不断降低进口矿、原燃料采购、物 流及工序成本。","","sufficient","12","会计方向初审-2026-10-10"
"p-000959","2017","environment_capacity","1","环保、碳排放约束及钢铁产能/产量政策","环保投入、碳成本或限产政策影响产能利用、成本和可供销售量","（风险章节「环保风险」p24）在人民群众对空气质量要求越来越高、国家加严环保管理的大背景下，监管部门环保检查力度加大， 限产、错峰生产和重污染天气应急响应频繁，排放标准不断提高，公司面临的环境保护风险进一步加大。","为应对该风险，公司要充分发挥环保体系管理优势，全面落实监管机构的环保管理要求，积极推进脱 硫、脱硝以及超低排放等重点治理项目按期完成，实现排放率再降低；强化形势分析研判，及时关注和把 握各类环保信息动态，为环保治理提供决策依据；深化排污许可管理，依法依规生产，按证排污，不断健 全环境保护管理制度，促进环保管理综合水平再提高。","sufficient","24","会计方向初审-2026-10-10"
"p-000959","2017","liquidity_collection","1","应收账款回款、客户信用及经营现金流","回款速度或信用损失影响应收余额、坏账准备、经营现金流和营运资本","（**不在风险章节**，「主营业务分析」p12）6、加强资金管理，提高资金使用效率 一是严控库存资金占用。 ｜ （**不在风险章节**，「主营业务分析」p12）坚持刚性降库与经营库存相结合，扎实推进采购节奏、营销策略调整，进口 矿、备品备件联备联储，实现库存资金占用进一步降低，存货资金周转率稳步提高；","","sufficient","12","会计方向初审-2026-10-10"
"p-000959","2018","demand_price","1","钢材下游需求与钢材价格波动","需求或价格变化通过销售量/售价传导至营业收入、毛利和估值","（风险章节「政策及行业风险」p22）2019年，中国经济存在下行压力，钢铁行业去产能接近尾声，未来下游主要用钢行业需求或将温和下 滑，汽车行业出现负增长，钢铁产品需求拉动有限，钢材价格难有大幅提升，或稳中有降，因此公司将面 临严峻市场压力。 ｜ （风险章节「营销风险」p23）钢铁产品作为工业制造的基础性原材料，与国内外经济环境变化、产业政策调整、国际贸易摩擦等因 素有较强的关联性。 ｜ （风险章节「营销风险」p23）在国内钢铁产能过剩、供需不平衡矛盾依然存在的背景下，存在钢铁产品价格阶段性 下行风险。","为应对上述风险，公司将加强产品结构调整、制造工艺提升；产品营销坚持战略引领，持续对标缩差； 聚焦经营目标，提升质量效益及管理能力；加强投资运营管理，提升经营管控水平；提高战略产品市场占 有率，不断提升行业和品牌影响力。","sufficient","22","会计方向初审-2026-10-10"
"p-000959","2018","fuel_cost","1","铁矿石、煤焦、废钢等原燃料采购价格波动","原燃料采购价格变化传导至单位成本、营业成本和毛利","（**不在风险章节**，「主营业务分析」p11）加强市场运作，采购端实现供应链更安全、采购方式更灵活、策 略调整更主动，进一步降低采购降本。","","sufficient","11","会计方向初审-2026-10-10"
"p-000959","2018","environment_capacity","1","环保、碳排放约束及钢铁产能/产量政策","环保投入、碳成本或限产政策影响产能利用、成本和可供销售量","（风险章节「环保风险」p22）国务院《打赢蓝天保卫战三年行动计划》、河北省《钢铁工业大气污染物超低排放标准》等针对环保 治理的政策文件施行，政府监管及执法越来越严、检查越来越密集、标准越来越高，民众“蓝天保卫战” 意识增强，对企业环保要求进一步提升，企业环保成本及面临的环保压力空前。","为应对该风险，公司要充分发挥环保体系管理优势，全面落实监管机构的环保管理要求，继上年完成 超低排放环保治理项目基础上，持续推进后续重点治理项目，实现排放率再降低；强化形势分析研判，及 时关注和把握各类环保信息动态，为环保治理提供决策依据；深化排污许可管理，不断健全环境保护管理 制度，促进环保管理综合水平再提高，全力打赢蓝天保卫战。","sufficient","22","会计方向初审-2026-10-10"
"p-000959","2018","liquidity_collection","1","","","","","insufficient","","会计方向初审-2026-10-10"
"p-000959","2019","demand_price","1","钢材下游需求与钢材价格波动","需求或价格变化通过销售量/售价传导至营业收入、毛利和估值","（风险章节「营销风险」p25）随着去产能、调结构的深入推进，钢铁行业经营形势出现新变化、新挑战，突出表现在板材产能在增 加，高端产能在聚集，同质竞争在加剧，钢企经营策略在变化，因此存在钢铁产品价格阶段性下行风险。","为应对上述风险，一是持续渠道终端化和高端化策略，加快渠道结构调整。二是提高优质高效产品的 比例，持续优化产品结构。三是根据竞争态势制定合理价格水平，针对不同品种在特定时点、特定渠道采 取差异化、个性化的价格政策。四是加强技术服务营销，提高为客户提供整体解决方案能力。","sufficient","25","会计方向初审-2026-10-10"
"p-000959","2019","fuel_cost","1","铁矿石、煤焦、废钢等原燃料采购价格波动","原燃料采购价格变化传导至单位成本、营业成本和毛利","（**不在风险章节**，「主营业务分析」p11）一、概述 2019年，全球经济增速放缓，国内经济稳中有进，从高速增长阶段转向高质量发展阶段，钢铁行业总 体运行平稳，钢材价格有所下行，原燃材料特别是铁矿石价格上涨，钢铁行业盈利水平受到影响。","","sufficient","11","会计方向初审-2026-10-10"
"p-000959","2019","environment_capacity","1","环保、碳排放约束及钢铁产能/产量政策","环保投入、碳成本或限产政策影响产能利用、成本和可供销售量","（风险章节「环保风险」p25）“政府工作报告”连续两年提出“推动钢铁行业实现超低排放”，“中共中央、国务院关于全面加强 生态环境保护坚决打好污染防治攻坚战的意见”明确要求“推动钢铁等行业超低排放改造”，以及“绿水 青山就是金山银山”环保理念，对钢铁业环保要求不断加严，企业环保成本及面临的环保压力空前。","为应上述风险，一是巩固全工序超低排放成果，积极应用好业已形成的专有技术，强化超低排放管控； 二是通过将图像智能识别技术应用于颗粒物排放控制等，发挥好智慧环保一体化管控平台作用；三是积极 推进产品全生命周期绿色设计与应用以及全产业链绝色管理，持续强化移动污染源管控，推进清洁能源运 输。","sufficient","25","会计方向初审-2026-10-10"
"p-000959","2019","liquidity_collection","1","应收账款回款、客户信用及经营现金流","回款速度或信用损失影响应收余额、坏账准备、经营现金流和营运资本","（**不在风险章节**，「主营业务分析」p17）投资活动现金流出减少、投资活动现金流量净额增加主要是固定资产投资支付现金减少。 ｜ （**不在风险章节**，「主营业务分析」p17）筹资 活动现金流入增加、筹资活动现金流量净额增加主要是银行借款的增加；","","sufficient","17","会计方向初审-2026-10-10"
"p-000959","2020","demand_price","1","钢材下游需求与钢材价格波动","需求或价格变化通过销售量/售价传导至营业收入、毛利和估值","（风险章节「营销风险」p28）从市场竞争环境看，钢铁置换产能陆续投产，高端板材产能增加，产品结构调整方向趋同，同质化竞 争加剧； ｜ （风险章节「营销风险」p28）从产业链看，钢铁制造上、下游行业集中度持续提升。","为应对上述风险，一是充分发挥市场引领作用，持续优化产品和渠道结构，加强销售研发及产线协同， 深挖用户端新工艺、新用途对新材料的需求潜力，致力于推动高质量供给与下游高端需求的精准对接；二 是积极应对市场挑战，重视与行业优势企业合作，着力打造产品优势，巩固提升重点行业市场份额，确保 细分市场领先地位；三是积极适应新发展格局要求，推进优势产品出口，加强与跨国企业、合资企业合作， 扩大产品国际影响力。","sufficient","28","会计方向初审-2026-10-10"
"p-000959","2020","fuel_cost","1","铁矿石、煤焦、废钢等原燃料采购价格波动","原燃料采购价格变化传导至单位成本、营业成本和毛利","（**不在风险章节**，「主营业务分析」p12）原材料价格整体保持上行态势，铁矿石价 格持续攀升。","","sufficient","12","会计方向初审-2026-10-10"
"p-000959","2020","environment_capacity","1","环保、碳排放约束及钢铁产能/产量政策","环保投入、碳成本或限产政策影响产能利用、成本和可供销售量","（风险章节「环保风险」p27）随着“钢铁行业实施超低排放”成为常态，“绿水青山就是金山银山”理念深入人心，生态环境约束","","sufficient","27","会计方向初审-2026-10-10"
"p-000959","2020","liquidity_collection","1","应收账款回款、客户信用及经营现金流","回款速度或信用损失影响应收余额、坏账准备、经营现金流和营运资本","（**不在风险章节**，「主营业务分析」p18）投资活动现金流入增加，流出减少导致投资活动产生的现金流量净额同比增 加。 ｜ （**不在风险章节**，「主营业务分析」p18）筹资活动产生的现金流量净额同比减少主要是本期取得银行借款减少、偿还借款增加。","","sufficient","18","会计方向初审-2026-10-10"
"p-000959","2021","demand_price","1","钢材下游需求与钢材价格波动","需求或价格变化通过销售量/售价传导至营业收入、毛利和估值","（风险章节「营销风险」p24）市场环境看，我国经济发展面临需求收缩、供给冲击、预期转弱三重压力，市场波动加剧，国内外竞 争环境越来越严峻； ｜ （风险章节「营销风险」p24）产业环境看，产能过剩仍然严重，产品同质化竞争加剧，产品结构调整方向趋同。","为应对上述风险，一是增强市场主体意识，密切关注、及时研究宏观政策、上下游产业链及行业发展 变化，提高快速响应能力。二是重视客户需求和诉求，发挥体系协同优势提升客户服务力度和水平，调动 产线和研发资源快速解决产品质量问题，提升用户使用体验；提高配套供货能力、改善交货周期、降低物 流成本，提升用户黏性，提升首钢服务核心竞争力。三是对标先进钢厂营销管理业务转型实践，围绕提升 管理效能，统筹推进信息化系统建设、系统应用推广及应用创新。四是积极适应新发展格局要求，推进优 势产品出口，加强与跨国企业、合资企业合作，扩大产品国际影响力。","sufficient","24","会计方向初审-2026-10-10"
"p-000959","2021","fuel_cost","1","铁矿石、煤焦、废钢等原燃料采购价格波动","原燃料采购价格变化传导至单位成本、营业成本和毛利","（风险章节「政策及行业风险」p23）钢铁行业产量双控，部分企业产能利用率受到影响，市场呈现供强需弱格局，铁矿石等原燃料价格保 持高位，推动钢铁生产成本，使企业经营难度进一步加大。","为应对上述风险，一是加强市场预判与分析，优化资源配置，加强供应链、产业链建设，以积极作为","sufficient","23","会计方向初审-2026-10-10"
"p-000959","2021","environment_capacity","1","环保、碳排放约束及钢铁产能/产量政策","环保投入、碳成本或限产政策影响产能利用、成本和可供销售量","（风险章节「低碳环保风险」p24）“钢铁行业实施超低排放”成为常态、“碳中和、碳达峰”政策推进实施、“绿水青山就是金山银山”理念 深入人心，均对钢铁企业实施绿色可持续提出更高要求，企业环保成本压力空前。","为应对上述风险，一是将进一步筑牢可持续发展基础，继续保持健康发展、践行责任“领跑者”，深 度实施绿色行动计划，让绿色成为企业高质量发展底色。二是积极推进“双碳”“双控”各项工作，细化 考核指标，完善LCA在线数据采集平台，推进钢铁低碳技术验证项目，持续规范“碳管理”活动方式及内 容。三是持续构建绿色供应链体系,推进绿色材料选择，促进采购、生产、运输等全流程绿色化进程。","sufficient","24","会计方向初审-2026-10-10"
"p-000959","2021","liquidity_collection","1","","","","","insufficient","","会计方向初审-2026-10-10"
"p-000959","2022","demand_price","1","钢材下游需求与钢材价格波动","需求或价格变化通过销售量/售价传导至营业收入、毛利和估值","年报第25页风险/经营章节涉及钢材下游需求与钢材价格波动，但当前抽取材料未同时定位到可核验的公司特定指标、事件和完整影响路径；根据规则不能仅凭风险词频判充分。","需回到该页原文并结合财务附注、经营指标进行人工复核。","insufficient","25","赵雨洁"
"p-000959","2022","fuel_cost","1","铁矿石、煤焦、废钢等原燃料采购价格波动","原燃料采购价格变化传导至单位成本、营业成本和毛利","年报第25页风险/经营章节涉及铁矿石、煤焦、废钢等原燃料采购价格波动，但当前抽取材料未同时定位到可核验的公司特定指标、事件和完整影响路径；根据规则不能仅凭风险词频判充分。","需回到该页原文并结合财务附注、经营指标进行人工复核。","insufficient","25","赵雨洁"
"p-000959","2022","environment_capacity","1","环保、碳排放约束及钢铁产能/产量政策","环保投入、碳成本或限产政策影响产能利用、成本和可供销售量","年报第25页风险/经营章节涉及环保、碳排放约束及钢铁产能/产量政策，但当前抽取材料未同时定位到可核验的公司特定指标、事件和完整影响路径；根据规则不能仅凭风险词频判充分。","需回到该页原文并结合财务附注、经营指标进行人工复核。","insufficient","25","赵雨洁"
"p-000959","2022","liquidity_collection","1","应收账款回款、客户信用及经营现金流","回款速度或信用损失影响应收余额、坏账准备、经营现金流和营运资本","年报第25页风险/经营章节涉及应收账款回款、客户信用及经营现金流，但当前抽取材料未同时定位到可核验的公司特定指标、事件和完整影响路径；根据规则不能仅凭风险词频判充分。","需回到该页原文并结合财务附注、经营指标进行人工复核。","insufficient","25","赵雨洁"
"p-000959","2023","demand_price","1","钢材下游需求与钢材价格波动","需求或价格变化通过销售量/售价传导至营业收入、毛利和估值","年报第24页风险/经营章节涉及钢材下游需求与钢材价格波动，但当前抽取材料未同时定位到可核验的公司特定指标、事件和完整影响路径；根据规则不能仅凭风险词频判充分。","需回到该页原文并结合财务附注、经营指标进行人工复核。","insufficient","24","赵雨洁"
"p-000959","2023","fuel_cost","1","铁矿石、煤焦、废钢等原燃料采购价格波动","原燃料采购价格变化传导至单位成本、营业成本和毛利","年报第24页风险/经营章节涉及铁矿石、煤焦、废钢等原燃料采购价格波动，但当前抽取材料未同时定位到可核验的公司特定指标、事件和完整影响路径；根据规则不能仅凭风险词频判充分。","需回到该页原文并结合财务附注、经营指标进行人工复核。","insufficient","24","赵雨洁"
"p-000959","2023","environment_capacity","1","环保、碳排放约束及钢铁产能/产量政策","环保投入、碳成本或限产政策影响产能利用、成本和可供销售量","年报第24页风险/经营章节涉及环保、碳排放约束及钢铁产能/产量政策，但当前抽取材料未同时定位到可核验的公司特定指标、事件和完整影响路径；根据规则不能仅凭风险词频判充分。","需回到该页原文并结合财务附注、经营指标进行人工复核。","insufficient","24","赵雨洁"
"p-000959","2023","liquidity_collection","1","应收账款回款、客户信用及经营现金流","回款速度或信用损失影响应收余额、坏账准备、经营现金流和营运资本","年报第24页风险/经营章节涉及应收账款回款、客户信用及经营现金流，但当前抽取材料未同时定位到可核验的公司特定指标、事件和完整影响路径；根据规则不能仅凭风险词频判充分。","需回到该页原文并结合财务附注、经营指标进行人工复核。","insufficient","24","赵雨洁"
"p-000959","2024","demand_price","1","钢材下游需求与钢材价格波动","需求或价格变化通过销售量/售价传导至营业收入、毛利和估值","年报第22页风险/经营章节涉及钢材下游需求与钢材价格波动，但当前抽取材料未同时定位到可核验的公司特定指标、事件和完整影响路径；根据规则不能仅凭风险词频判充分。","需回到该页原文并结合财务附注、经营指标进行人工复核。","insufficient","22","赵雨洁"
"p-000959","2024","fuel_cost","1","铁矿石、煤焦、废钢等原燃料采购价格波动","原燃料采购价格变化传导至单位成本、营业成本和毛利","年报第22页风险/经营章节涉及铁矿石、煤焦、废钢等原燃料采购价格波动，但当前抽取材料未同时定位到可核验的公司特定指标、事件和完整影响路径；根据规则不能仅凭风险词频判充分。","需回到该页原文并结合财务附注、经营指标进行人工复核。","insufficient","22","赵雨洁"
"p-000959","2024","environment_capacity","1","环保、碳排放约束及钢铁产能/产量政策","环保投入、碳成本或限产政策影响产能利用、成本和可供销售量","年报第22页风险/经营章节涉及环保、碳排放约束及钢铁产能/产量政策，但当前抽取材料未同时定位到可核验的公司特定指标、事件和完整影响路径；根据规则不能仅凭风险词频判充分。","需回到该页原文并结合财务附注、经营指标进行人工复核。","insufficient","22","赵雨洁"
"p-000959","2024","liquidity_collection","1","应收账款回款、客户信用及经营现金流","回款速度或信用损失影响应收余额、坏账准备、经营现金流和营运资本","年报第22页风险/经营章节涉及应收账款回款、客户信用及经营现金流，但当前抽取材料未同时定位到可核验的公司特定指标、事件和完整影响路径；根据规则不能仅凭风险词频判充分。","需回到该页原文并结合财务附注、经营指标进行人工复核。","insufficient","22","赵雨洁"
