"project_id","claim_id","claim_text","source_page","is_substantive","is_template","missing_elements","conclusion","reviewer","预判","预判理由"
"p-000959","cl-0d0c0e6e089b","2021年，钢铁行业前三季度总体运行态势良好，实现了供需动态平衡，通过挖潜增效，努力克服了原燃料价格高位运行带来的影响，行业效益创历史最好水平。","9","0","0","[""object"", ""metric"", ""result"", ""owner""]","no_penalty","会计方向初审-2026-10-10","模型预填 deepseek-chat@v1","主语是「钢铁行业」而非本公司，讲的是行业整体运行态势与行业效益，属于行业综述；虽提到「挖潜增效」「原燃料价格高位运行」，但未落到这家公司具体做了什么、做成了什么，故判非实质经营表述。"
"p-000959","cl-28ce7b139bce","2015年，面对钢铁行业产能过剩、产品市场价格竞争激烈、企业效益下滑的严峻形势，公司眼睛向内，加强管理，深入挖潜增效，优化产品结构，提高市场营销能力；","10","0","0","[""metric"", ""result""]","no_penalty","会计方向初审-2026-10-10","模型预填 deepseek-chat@v1","前半句「钢铁行业产能过剩……严峻形势」是行业背景，但后半句明确以「公司」为主语，说了「加强管理、深入挖潜增效、优化产品结构、提高市场营销能力」等具体动作，属于公司自身经营表述；只是没有指标和结果，故 missing_elements 标 metric、result。"
"p-000959","cl-15147dcbdee8","首钢服务正在融入客户产品设计、质量设计和成本设计中，全年推进42项EVI先期介入项目。","11","1","0","[""period"", ""result""]","no_penalty","会计方向初审-2026-10-10","模型预填 deepseek-chat@v1","公司说了自己干了什么——'首钢服务融入客户产品设计、质量设计和成本设计'并'全年推进42项EVI先期介入项目'，有对象（EVI项目）和数量（42项），但未明确是哪一年（'全年'未指明年度），也未说推进的结果如何。"
"p-000959","cl-172381a15ccb","京唐基地完善全工序、全流程对标体系，聚焦产线过程管控，设定的66项指标中34项达到或超过标杆企业，同比增长41.7%；","11","1","0","[""period""]","no_penalty","会计方向初审-2026-10-10","模型预填 deepseek-chat@v1","说的是京唐基地的具体做法和成果——'66项指标中34项达到或超过标杆企业，同比增长41.7%'，有对象、指标、结果，但未指明是哪一年/哪一期。"
"p-000959","cl-28308a888024","成本费用利润率7.90%，同比提高4.32个百分点；","11","1","0","[""object"", ""period"", ""owner""]","no_penalty","会计方向初审-2026-10-10","模型预填 deepseek-chat@v1","有具体指标和结果——'成本费用利润率7.90%，同比提高4.32个百分点'，但未说明是哪个主体（哪家公司/哪个板块）、哪一期，也未指明责任主体。"
"p-000959","cl-2f63f85df417","2022年，公司围绕打牢高质量发展基础工作主线，积极应对国家重大活动环保加严、物流受限等诸多困难，通过“环保提升、结构优化、降本增效、资金管控、对标提升”等方面工作的开展，积极化解市场不利影响，但受市场整体环境影响，报告期内公司经营业绩同比仍出现较大幅度降低。","11","1","0","[""[\""[\\\""[\\\\\\\""metric\\\\\\\""]\\\""]\""]""]","no_penalty","会计方向初审-2026-10-10","模型预填 deepseek-chat@v1","公司说了自己2022年干了什么（应对环保加严、物流受限，开展环保提升、结构优化、降本增效等工作）以及干成什么样（经营业绩同比大幅降低），对象、期间、结果、主体都具备。"
"p-000959","cl-c60d245b320e","2017年面对环保加严，采暖季限产等多重困难和挑战，公司按照稳重求进、稳扎稳打原则，把握关键环节，抓住市场机遇，实现稳产顺产、增产增效。","11","1","0","[""metric"", ""result""]","no_penalty","会计方向初审-2026-10-10","模型预填 deepseek-chat@v1","「面对环保加严，采暖季限产」是外部形势，但「公司按照稳中求进……实现稳产顺产、增产增效」以公司为主语，说了公司采取的原则与达成的经营状态，属实质经营表述；「稳产顺产、增产增效」偏定性、无具体指标数值，故标 metric、result 缺失。"
"p-000959","cl-82b9a8598b73","2023年，公司经营生产顺稳，技术经济指标稳中有升，产品结构、技术创新、绿色低碳、降本增效成绩显著。","12","1","1","[""[\""[\\\""[\\\\\\\""metric\\\\\\\"", \\\\\\\""result\\\\\\\""]\\\""]\""]""]","p_penalty","会计方向初审-2026-10-10","模型预填 deepseek-chat@v1","有期间（2023年）和对象（经营生产、产品结构、技术创新等），但'顺稳''稳中有升''成绩显著'均为无具体指向的概括性表述，没有可指向的数字或事件，属套话。"
"p-000959","cl-ba3ee5fd1843","创建符合股份自身的特点的精益JIET管理体系，以“经济准时”交付为中心，建立生产拉动和经营拉动的双拉动的运营模式，不断完善六西格玛应用体系，强化全员精益意识、经营意识，坚持对标找差、挂图作战，建立107个阿米巴经营体，全年实施精益快速改善项目474个，焦点课题372项，建立41个备件修复室。","12","1","0","[""period""]","no_penalty","会计方向初审-2026-10-10","模型预填 deepseek-chat@v1","描述了公司创建精益JIET管理体系、双拉动运营模式、建立107个阿米巴经营体、实施474个改善项目、372项焦点课题、41个备件修复室等具体做法和数字，但未指明是哪一年。"
"p-000959","cl-c09536463060","2024年，公司经营生产顺稳，在产品结构、技术创新、绿色低碳、智能制造、内部降本、ESG管理方面成绩显著。","12","1","1","[""[\""[\\\""[\\\\\\\""metric\\\\\\\"", \\\\\\\""result\\\\\\\""]\\\""]\""]""]","p_penalty","会计方向初审-2026-10-10","模型预填 deepseek-chat@v1","有期间（2024年）和对象（产品结构、技术创新、绿色低碳等），但'顺稳''成绩显著'没有具体数字或事件支撑，属套话。"
"p-000959","cl-c0a9890c5ba4","深化市场化运作，系统协同，降低原材料成本，产品结构优化，扩大资源循环利用，降低综合成本，全年实现降本增效64亿元。","12","1","0","[""period""]","no_penalty","会计方向初审-2026-10-10","模型预填 deepseek-chat@v1","有具体做法（市场化运作、降低原材料成本、产品结构优化、资源循环利用）和具体结果（'全年实现降本增效64亿元'），但'全年'未指明是哪一年。"
"p-000959","cl-a7b8520871f0","迁顺基地全力以赴推进固体二次资源产线建设、加工、回吃，全年消化二次资源增效超6亿元。","13","1","0","","no_penalty","会计方向初审-2026-10-10","模型预填 deepseek-chat@v1","公司自述迁顺基地推进固体二次资源产线建设、加工、回吃，并给出全年消化二次资源增效超6亿元的具体结果，对象、期间、结果齐全。"
"p-000959","cl-95146abea2f2","报告期内公司经营活动产生的现金净流量与本年度净利润存在重大差异的原因说明√适用□不适用报告期内公司经营活动产生的现金净流量78.6亿元，本年度净利润4.7亿元，相差73.9亿元，产生差异主要因素为：折旧48.2亿元，财务费用18.4亿元，经营性应付、应收项目净增加增加8.4亿元等。","16","1","0","","no_penalty","会计方向初审-2026-10-10","模型预填 deepseek-chat@v1","公司说明经营活动现金净流量78.6亿元与净利润4.7亿元差异73.9亿元的具体原因（折旧48.2亿元、财务费用18.4亿元等），有对象、期间、指标、结果。"
"p-000959","cl-f95f0e4b74ec","募集资金总体使用情况说明报告期内，公司非公开发行人民币普通股(A股)募集配套资金总额为823,399,977.75元,扣除主承销商承销费用后，公司募集资金专项账户收到认购款812,927,978.08元,扣除本次重组独立财务顾问及其他相关费用后，募集资金净额为人民币794,365,426.24元。","20","1","0","","no_penalty","会计方向初审-2026-10-10","模型预填 deepseek-chat@v1","公司披露非公开发行募集配套资金总额823,399,977.75元、到账812,927,978.08元、净额794,365,426.24元的具体金额，属实质经营表述。"
"p-000959","cl-d495983b2b4b","报告期内，使用募集资金6,944.03万元，用于京唐公司铁前系统节能降耗综合改造项目。","21","1","0","[""[\""[]\""]""]","no_penalty","会计方向初审-2026-10-10","模型预填 deepseek-chat@v1","公司说明报告期内使用募集资金6,944.03万元用于京唐公司铁前系统节能降耗综合改造项目，对象、期间、指标、结果齐全。"
"p-000959","cl-6a2b07a93af2","长江证券赵超，易  就投资者关注的公司  详见公司于2024年2024年  方达基金何进阳、  产品发展规划、汽车  4月26日在互动平04月25  公司会议室  电话沟通  机构  涂程亮、胡致远，  板需求、降本措施、  台发布的投资者活日  广发证券李莎，大  出口情况、资本开支  动记录。","23","0","0","[""[]""]","no_penalty","会计方向初审-2026-10-10","模型预填 deepseek-chat@v1","这是投资者活动记录表格的碎片化行内容（机构名称、日期、地点、沟通方式等），并非公司对自身经营活动的完整表述，判为非实质表述。"
"p-000959","cl-473d0c32450b","就投资者关注的降本  详见公司于2024年2024年  广发证券陈琪玮，  措施、电工钢需求及  6月5日在互动平06月04  公司会议室  电话沟通  机构  中欧基金郑思恩  未来高端电工钢占比  台发布的投资者活日  等问题进行解答。","24","0","0","[""[\""[\\\""[\\\\\\\""object\\\\\\\"", \\\\\\\""period\\\\\\\"", \\\\\\\""metric\\\\\\\"", \\\\\\\""result\\\\\\\"", \\\\\\\""owner\\\\\\\""]\\\""]\""]""]","no_penalty","会计方向初审-2026-10-10","模型预填 deepseek-chat@v1","这是投资者活动记录表格的碎片化行内容（机构名称、日期、地点、沟通方式等），并非公司对自身经营活动的完整表述，判为非实质表述。"
"p-000959","cl-86a491390958","华泰证券、海通证券、公司经营生产、品种  举办机构投资者电华宝证券、南华期货、结构优化、降本增效2021年02  公司会议  电话  话沟通会，详细情况机构  睿远基金、工银瑞信基  等情况进行说明并月01日  室  沟通  于2021年2月2日金等10余家机构的分  对投资者所关心的  在互动平台披露析师  问题进行解答","24","0","0","[""object"", ""period"", ""metric"", ""result"", ""owner""]","no_penalty","会计方向初审-2026-10-10","模型预填 deepseek-chat@v1","这是投资者电话沟通会记录表格的碎片化行内容（机构名称、日期、地点、沟通方式等），并非公司对自身经营活动的完整表述，判为非实质表述。"
"p-000959","cl-1779cc5f273f","船舶工业保持良好发展势头，2024年我国造船完工量同比增长13.8%，新接订单量同比增长58.8%；","9","0","0","[""[\""[\\\""[\\\\\\\""owner\\\\\\\""]\\\""]\""]""]","no_penalty","会计方向初审-2026-10-10","模型预填 deepseek-chat@v1","说的是2024年我国造船完工量、新接订单量增速，主体是船舶工业整体，属行业综述。"
"p-000959","cl-38454c03fa50","家电行业在政策激励、消费升级和出口增长等驱动因素下保持稳定增长，空调、冰箱、洗衣机、彩电全年累计产量分别同比增长9.7%、8.3%、8.8%、4.6%。","9","0","0","[""[\""object\"", \""owner\""]""]","no_penalty","会计方向初审-2026-10-10","模型预填 deepseek-chat@v1","讲的是家电行业在政策等因素下空调、冰箱等产量增速，是行业整体情况，未指向本公司。"
"p-000959","cl-95bf38699efd","其中，绿色低碳驱动的新能源行业用钢需求呈现出快速增长的态势，2024年新能源汽车产量完成1288.8万辆，同比增长34.4%；","9","0","0","[""[\""[\\\""[\\\\\\\""owner\\\\\\\""]\\\""]\""]""]","no_penalty","会计方向初审-2026-10-10","模型预填 deepseek-chat@v1","讲的是新能源行业用钢需求及2024年全国新能源汽车产量1288.8万辆，是行业需求背景，不是公司自身经营。"
"p-000959","cl-af619b2764ca","受产能、产量双控政策影响，2021年全国累计生产生铁8.69亿吨，同比下降4.3%；","9","0","0","[""owner""]","no_penalty","会计方向初审-2026-10-10","模型预填 deepseek-chat@v1","说的是2021年全国生铁产量8.69亿吨、同比下降4.3%，属于行业宏观综述，不是这家公司自己的经营情况。"
"p-000959","cl-c015bf3d2c02","2022年我国电工钢产业健康发展，其中取向电工钢产量约217万吨，无取向电工钢产量约1,092万吨，是全球第一的电工钢产地。","9","0","0","[""[\""[\\\""[\\\\\\\""owner\\\\\\\""]\\\""]\""]""]","no_penalty","会计方向初审-2026-10-10","模型预填 deepseek-chat@v1","说的是2022年我国电工钢产业产量及全球地位，主体是行业/国家而非本公司，属行业综述。"
"p-000959","cl-cb8f6f3b4677","2021年我国电工钢产业健康发展，取向、无取向电工钢产量双双增长，其中取向电工钢产量约183万吨，无取向电工钢产量约1146万吨，是全球第一的电工钢产地。","9","0","0","[""owner""]","no_penalty","会计方向初审-2026-10-10","模型预填 deepseek-chat@v1","该句描述2021年我国电工钢产业整体产量情况（取向约183万吨、无取向约1146万吨），说的是行业而非这家公司，属一般行业综述，判为非实质表述。"
"p-000959","cl-d39c55d85f9a","2022年受国际形势动荡、美元加息等因素影响，钢铁市场需求超预期下滑，钢材价格持续走弱，原燃料价格保持相对高位，行业效益同比大幅下降。","9","0","0","[""[\""[\\\""[\\\\\\\""object\\\\\\\"", \\\\\\\""period\\\\\\\"", \\\\\\\""metric\\\\\\\"", \\\\\\\""result\\\\\\\"", \\\\\\\""owner\\\\\\\""]\\\""]\""]""]","no_penalty","会计方向初审-2026-10-10","模型预填 deepseek-chat@v1","讲的是2022年国际形势、美元加息影响下的钢铁行业整体需求与价格走势，是行业背景综述，未指向本公司。"
"p-000959","cl-05b42aac12b9","无取向电工钢产品结构持续优化，高牌号无取向电工钢产品产量89.3万吨，同比增长约11%，其中新能源汽车用高牌号无取向电工钢产品产量同比增长约27%，新能源汽车全球销量前10车企、国内销量前10车企全部实现稳定供货，国内每3辆新能源汽车就有1辆搭载“首钢芯”。","10","1","0","[]","no_penalty","会计方向初审-2026-10-10","模型预填 deepseek-chat@v1","公司自述无取向电工钢产量89.3万吨、同比增长约11%、新能源汽车用高牌号增长约27%及供货车企情况，对象、期间、指标、结果齐全。"
"p-000959","cl-1577b52ab7fb","汽车板产量361万吨，同比增长接近2%，产品和渠道结构调整取得新突破。","10","1","0","[]","no_penalty","会计方向初审-2026-10-10","模型预填 deepseek-chat@v1","汽车板产量361万吨、同比增长接近2%，有对象、指标、结果；后半句“结构调整取得新突破”较笼统但前半句已具实质信息。"
"p-000959","cl-182a9f2ffb45","报告期内，三大战略产品(电工钢、汽车板、镀锡(铬)板)产量同比增长约7%，重点产品产量同比增长约2%。","10","1","0","[""[\""[]\""]""]","no_penalty","会计方向初审-2026-10-10","模型预填 deepseek-chat@v1","报告期内三大战略产品产量同比增长约7%、重点产品增长约2%，有期间、对象、指标、结果，属实质经营表述。"
"p-000959","cl-1bb41125401b","无取向电工钢产品结构持续优化，高牌号无取向电工钢产品产量72.8万吨，同比增长33%，其中新能源汽车用高牌号无取向电工钢产品产量同比增长144%，新能源汽车全球销量前10车企稳定供应7家，国内销量前10车企全部实现稳定供货。","10","1","0","[]","no_penalty","会计方向初审-2026-10-10","模型预填 deepseek-chat@v1","给出高牌号无取向电工钢72.8万吨、同比增长33%、新能源汽车用产品增长144%及供货车企数量，信息具体可指向。"
"p-000959","cl-31db60ea664e","高磁感取向电工钢方面，0.20mm及以下超薄规格高磁感取向电工钢产品产量达到7万吨，同比增长约30%，连续五年实现国内销量第一。","10","1","0","[]","no_penalty","会计方向初审-2026-10-10","模型预填 deepseek-chat@v1","具体说明0.20mm及以下超薄高磁感取向电工钢产量7万吨、同比增长约30%、连续五年国内销量第一，要素完整。"
"p-000959","cl-39d8b4e0afea","电工钢产量198.6万吨，同比增长约17%，高端产品产量创历史新高。","10","1","0","[]","no_penalty","会计方向初审-2026-10-10","模型预填 deepseek-chat@v1","电工钢产量198.6万吨、同比增长约17%、高端产品产量创历史新高，对象、期间、指标、结果齐全。"
"p-000959","cl-3e2ff2a884fd","钢材产量682万吨(含供冷轧公司177万吨)，同比增长1.95%。","10","1","0","","no_penalty","会计方向初审-2026-10-10","模型预填 deepseek-chat@v1","公司自身钢材产量682万吨、同比增长1.95%，对象、期间、指标、结果齐全，是实质经营表述。"
"p-000959","cl-45ec51b2438e","高磁感取向电工钢方面，0.20mm及以下超薄规格高磁感取向电工钢产品产量达到5.4万吨，同比增长74%，市场占有率达到60%，连续四年实现国内销量第一；","10","1","0","","no_penalty","会计方向初审-2026-10-10","模型预填 deepseek-chat@v1","0.20mm及以下超薄高磁感取向电工钢产量5.4万吨、同比增长74%、市占率60%、连续四年国内销量第一，信息具体可指向。"
"p-000959","cl-51a061debb71","(2)冷轧公司：冷轧板材产量169万吨，同比下降10%。","10","1","0","","no_penalty","会计方向初审-2026-10-10","模型预填 deepseek-chat@v1","冷轧公司冷轧板材产量169万吨、同比下降10%，有主体、对象、指标、结果，属实质经营表述。"
"p-000959","cl-63f10a0f2cbc","电工钢产量169.5万吨，同比增长约14%，高端产品占比稳步提升。","10","1","0","[""[\""period\"", \""owner\""]""]","no_penalty","会计方向初审-2026-10-10","模型预填 deepseek-chat@v1","公司自报电工钢产量169.5万吨、同比增长约14%，有对象、期间、指标、结果，属实质经营表述；'高端产品占比稳步提升'虽略含糊但仍有指向。"
"p-000959","cl-6b3353d7b604","无取向电工钢产品结构持续优化，高牌号无取向电工钢产品产量54.7万吨，同比增长28%，其中新能源汽车用高牌号无取向电工钢产品产量同比增长231%，新能源汽车全球销量前10车企稳定供应5家，国内销量前10车企稳定供应9家。","10","1","0","","no_penalty","会计方向初审-2026-10-10","模型预填 deepseek-chat@v1","高牌号无取向电工钢产量54.7万吨、同比增长28%、新能源汽车用高牌号同比增长231%、稳定供应前10车企5家/9家，均为具体经营数据。"
"p-000959","cl-6d251353c9f6","高磁感取向电工钢产量30.0万吨，同比提高约46%，0.20mm及以下超薄规格高磁感取向电工钢继续保持国内销量第一。","10","1","0","[""[\""period\"", \""owner\""]""]","no_penalty","会计方向初审-2026-10-10","模型预填 deepseek-chat@v1","给出高磁感取向电工钢产量30.0万吨、同比提高约46%及0.20mm以下超薄规格国内销量第一，对象、期间、指标、结果齐全。"
"p-000959","cl-85a3bfc6c047","钢产量734万吨，同比下降1.08%；","10","1","0","[""object"", ""owner""]","no_penalty","会计方向初审-2026-10-10","模型预填 deepseek-chat@v1","给出钢产量734万吨、同比下降1.08%的具体产量数据，属公司经营表述；但该句承接上句，未在本句内点明产品对象与责任主体，故标缺object、owner。"
"p-000959","cl-87de67496df1","镀锡(铬)板产量65.6万吨，同比增长约6%。","10","1","0","[""[\""period\"", \""owner\""]""]","no_penalty","会计方向初审-2026-10-10","模型预填 deepseek-chat@v1","镀锡(铬)板产量65.6万吨、同比增长约6%，对象、期间、指标、结果明确。"
"p-000959","cl-8ac220cabd56","报告期内，三大战略产品(电工钢、汽车板、镀锡(铬)板)产量合计571万吨，八类重点产品(冷轧专用钢、热轧酸洗板、耐候钢、能源用钢、汽车结构钢、高强工程机械用钢、管线钢、桥梁用钢)产量819万吨，战略及重点产品合计产量1390万吨，占公司钢材总产量的63%。","10","1","0","[""[\""[]\""]""]","no_penalty","会计方向初审-2026-10-10","模型预填 deepseek-chat@v1","明确给出报告期内三大战略产品571万吨、八类重点产品819万吨、合计1390万吨及占比63%，对象、期间、指标、结果齐全。"
"p-000959","cl-8de6f62ec801","产品结构进一步优化，镀锌、高强、外板产量同比分别增长5%、23%、7%；","10","1","0","[""[\""period\"", \""owner\""]""]","no_penalty","会计方向初审-2026-10-10","模型预填 deepseek-chat@v1","镀锌、高强、外板产量同比分别增长5%、23%、7%，有对象、指标、结果，但未写明具体期间。"
"p-000959","cl-9682b1009ddb","产品结构进一步优化，镀锌、高强、外板产量同比分别增长约21%、15%、24%，超高强、镀铝硅产品同比分别增长约6%和39%，UF钢供货量同比翻番。","10","1","0","[""[\""period\"", \""owner\""]""]","no_penalty","会计方向初审-2026-10-10","模型预填 deepseek-chat@v1","列出镀锌、高强、外板、超高强、镀铝硅、UF钢各自同比增速，对象与结果具体，非套话。"
"p-000959","cl-99b35250949d","高磁感取向电工钢产量33.2万吨，同比提高约11%，0.20mm及以下超薄规格高磁感取向电工钢继续保持国内销量领先。","10","1","0","[]","no_penalty","会计方向初审-2026-10-10","模型预填 deepseek-chat@v1","公司自述高磁感取向电工钢产量33.2万吨、同比提高约11%及超薄规格销量领先，对象、期间、指标、结果齐全，是实质经营表述。"
"p-000959","cl-9d4021b8160f","汽车板产量355万吨，同比增长5%，产品实现全车型覆盖。","10","1","0","","no_penalty","会计方向初审-2026-10-10","模型预填 deepseek-chat@v1","汽车板产量355万吨、同比增长5%、实现全车型覆盖，有对象、指标、结果，是实质经营表述。"
"p-000959","cl-9ef8491d4f36","汽车板产量402.5万吨，同比增长约12%，产品结构和用户结构调整取得新突破。","10","1","0","[""[\""period\"", \""owner\""]""]","no_penalty","会计方向初审-2026-10-10","模型预填 deepseek-chat@v1","汽车板产量402.5万吨、同比增长约12%为具体经营数据；'产品结构和用户结构调整取得新突破'偏概括但依附于前述数据，整体仍是实质表述。"
"p-000959","cl-a29cec561c3a","报告期内，三大战略产品产量合计568万吨，占公司钢材产量26%，利润贡献约40%。","10","1","0","","no_penalty","会计方向初审-2026-10-10","模型预填 deepseek-chat@v1","报告期内三大战略产品产量568万吨、占钢材产量26%、利润贡献约40%，对象、期间、指标、结果齐全。"
"p-000959","cl-b31ed2533e38","镀锡(铬)板产量63万吨，同比增长8%，产能利用率达120%。","10","1","0","","no_penalty","会计方向初审-2026-10-10","模型预填 deepseek-chat@v1","镀锡(铬)板产量63万吨、同比增长8%、产能利用率120%，对象、指标、结果齐全，属实质经营表述。"
"p-000959","cl-beaa5dd68484","无取向电工钢产品结构持续优化，高牌号无取向电工钢产品产量80.8万吨，同比增长约11%，其中新能源汽车用高牌号无取向电工钢产品产量同比增长约29%，新能源汽车全球销量前10车企稳定供应9家，国内销量前10车企全部实现稳定供货。","10","1","0","[""[\""period\"", \""owner\""]""]","no_penalty","会计方向初审-2026-10-10","模型预填 deepseek-chat@v1","具体说明高牌号无取向电工钢产量80.8万吨、同比增长约11%、新能源汽车用产品增长约29%及供货车企家数，信息可指向。"
"p-000959","cl-c8be28973691","报告期内，公司主要产品产量完成情况：(1)迁钢公司：铁产量744万吨，同比下降0.43%；","10","1","0","","no_penalty","会计方向初审-2026-10-10","模型预填 deepseek-chat@v1","明确说“报告期内，公司主要产品产量完成情况”，并给出迁钢公司铁产量744万吨、同比下降0.43%，是公司自身经营数据。"
"p-000959","cl-df24b8490659","随着国家“双碳”战略推进，全社会电气化水平进一步提升，高端电工钢产品需求持续增长，公司电工钢高端产品占比63%，同比提高15个百分点。","10","0","0","[]","no_penalty","会计方向初审-2026-10-10","模型预填 deepseek-chat@v1","前半句为行业背景，但后半句落到公司自身：电工钢高端产品占比63%、同比提高15个百分点，有对象、期间、指标、结果。"
"p-000959","cl-f38a42f14e09","产品结构进一步优化，镀锌、高强、外板产量同比分别增长18%、20%、14%；","10","1","0","[""period""]","no_penalty","会计方向初审-2026-10-10","模型预填 deepseek-chat@v1","镀锌、高强、外板产量同比分别增长18%、20%、14%，有对象和结果，但未写明具体期间（仅'同比'），故缺period。"
"p-000959","cl-f8d0ceb5e6f5","报告期内，三大战略产品(电工钢、汽车板、镀锡(铬)板)产量同比增长约12%，重点产品产量同比增长约17%。","10","1","0","[""[\""[]\""]""]","no_penalty","会计方向初审-2026-10-10","模型预填 deepseek-chat@v1","报告期内三大战略产品产量同比增长约12%、重点产品增长约17%，有期间、对象、指标、结果。"
"p-000959","cl-f9e68e9a4ea3","高延伸易开盖、高表面奶粉罐市场占有率领先，易开盖、奶粉铁、两片罐产品产量同比增长超过50%，优势产品持续增量。","10","1","0","[""period""]","no_penalty","会计方向初审-2026-10-10","模型预填 deepseek-chat@v1","公司自述产品市场地位与产量增长（易开盖、奶粉铁、两片罐产量同比增长超50%），有对象、指标、结果，但未指明具体期间。"
"p-000959","cl-02dac2a8b1cc","智新电磁：电工钢150.1万吨，同比降低2.7%，其中取向产量19.3万吨，同比增长0.2%，无取向产量130.8万吨，同比降低3.1%。","11","1","0","","no_penalty","会计方向初审-2026-10-10","模型预填 deepseek-chat@v1","原文给出智新电磁电工钢、取向、无取向的具体产量（150.1万吨、19.3万吨、130.8万吨）及同比增减，对象、期间、指标、结果齐全，是实质经营表述。"
"p-000959","cl-03b19a168ba7","公司主要产品产量完成情况：迁钢公司(含智新公司)：铁689万吨，同比下降7.1%；","11","1","0","","no_penalty","会计方向初审-2026-10-10","模型预填 deepseek-chat@v1","公司自述迁钢公司（含智新公司）铁产量689万吨、同比下降7.1%，对象、期间、指标、结果齐全。"
"p-000959","cl-0785441a2d54","薄规格取向产量16.3万吨同比增长26%，高牌号无取向产量54.7万吨，同比增长28%。","11","1","0","[""period""]","no_penalty","会计方向初审-2026-10-10","模型预填 deepseek-chat@v1","原文给出薄规格取向产量16.3万吨、高牌号无取向产量54.7万吨及同比增速，有对象、指标、结果，但未明示期间（哪一年/哪一期）。"
"p-000959","cl-1a3efaddb1ce","以宝马、奔驰、菲亚特等为代表的合资品牌供货量大幅增加，同比提高41.54%，合资品牌汽车板供货量达到总产量的23.42%，同比提高3.54个百分点；","11","1","0","[""period""]","no_penalty","会计方向初审-2026-10-10","模型预填 deepseek-chat@v1","公司自述宝马、奔驰、菲亚特等合资品牌供货量同比提高41.54%、占比23.42%，有对象、指标、结果，但未点明具体期间。"
"p-000959","cl-403de22dbe48","汽车板产量439.4万吨，同比增长约9%，产品结构和用户结构调整取得新突破。","11","1","0","[]","no_penalty","会计方向初审-2026-10-10","模型预填 deepseek-chat@v1","原文给出汽车板产量439.4万吨、同比增长约9%及结构调整表述，有对象、指标、结果，但未明示期间。"
"p-000959","cl-48ccf79a81ec","镀锡板基础用途类产品较去年月均下降10%，奶粉、镀层、饮料、镀铬四类产品比例较去年月均提高30-70%，整体薄规格(≤0.20mm)订单比例比达到54%；","11","1","0","[""period""]","no_penalty","会计方向初审-2026-10-10","模型预填 deepseek-chat@v1","公司自述镀锡板基础用途类月均下降10%、四类产品比例提高30-70%、薄规格订单比例达54%，有对象、指标、结果，但未点明具体期间。"
"p-000959","cl-5ba04d32e7cd","产品结构进一步优化，镀锌、高强、外板产量同比分别增长约24%、18%、15%，锌铝镁、镀铝硅产品产量同比分别增长约19%和27%，UF钢产量同比增长约71%。","11","1","0","[""[\""period\""]""]","no_penalty","会计方向初审-2026-10-10","模型预填 deepseek-chat@v1","原文列出镀锌、高强、外板、锌铝镁、镀铝硅、UF钢等产品产量同比增速，有对象、指标、结果，但未明示期间。"
"p-000959","cl-7727557b2df2","报告期内，冷轧公司灯塔工厂一期11个子项目包含55个用例全部上线运行，汽车板产品一检封闭量月均降低约1000吨，冷轧库存月周转天数减少1天，服务响应时间由天提升至分钟级。","11","1","0","[""[\""[]\""]""]","no_penalty","会计方向初审-2026-10-10","模型预填 deepseek-chat@v1","原文以「报告期内」为期间，说明冷轧公司灯塔工厂一期11个子项目55个用例上线、一检封闭量月均降低约1000吨、库存周转减少1天、响应时间由天提升至分钟级，对象、期间、指标、结果齐全。"
"p-000959","cl-7ae76401f397","镀锡(铬)板产量69.0万吨，同比增长约5%，制造能力进一步提升。","11","1","0","[]","no_penalty","会计方向初审-2026-10-10","模型预填 deepseek-chat@v1","原文给出镀锡(铬)板产量69.0万吨、同比增长约5%，有对象、指标、结果，但未明示期间。"
"p-000959","cl-ae5ada3c2805","2017年，我国钢铁行业供给侧结构性改革深入推进，去产能进展顺利，钢铁生产保持平稳，优质产能得到发挥，钢材市场需求有所增长，市场环境明显改善，钢材价格呈现了合理回升的发展态势。","11","0","0","","no_penalty","会计方向初审-2026-10-10","模型预填 deepseek-chat@v1","讲的是2017年我国钢铁行业供给侧改革、去产能、钢价回升等宏观行业综述，不是这家公司自身的经营表述。"
"p-000959","cl-d0a64783b86e","其中：无取向产量127.9万吨，同比降低2.2%；","11","1","0","[""[\""period\""]""]","no_penalty","会计方向初审-2026-10-10","模型预填 deepseek-chat@v1","原文给出无取向产量127.9万吨及同比降低2.2%，有对象、指标、结果，但未明示期间。"
"p-000959","cl-e8f7cfc60e4a","功能饮料、易开盖、气雾阀用等重点产品产量占比65%，同比增长约24%。","11","1","0","[""[\""period\""]""]","no_penalty","会计方向初审-2026-10-10","模型预填 deepseek-chat@v1","原文给出功能饮料、易开盖、气雾阀用等重点产品产量占比65%、同比增长约24%，有对象、指标、结果，但未明示期间。"
"p-000959","cl-e95ad706a26b","汽车板产量创出历史最好水平，镀锌、高强、外板产量同比分别提高45.61%、51%和46.31%；","11","1","0","[""period""]","no_penalty","会计方向初审-2026-10-10","模型预填 deepseek-chat@v1","公司自述汽车板产量创历史最好水平及镀锌、高强、外板同比增幅，有对象、指标、结果，但未点明具体期间（仅'同比'）。"
"p-000959","cl-f522427f9cef","报告期内，公司主要产品产量完成情况：(1)迁钢公司：铁742万吨，同比增长6.47%；","11","1","0","","no_penalty","会计方向初审-2026-10-10","模型预填 deepseek-chat@v1","公司自述报告期内迁钢公司铁产量742万吨、同比增长6.47%，对象、期间、指标、结果齐全。"
"p-000959","cl-0373e0b986a5","报告期内，三大战略产品(电工钢、汽车板、镀锡(铬)板)及九类重点产品(冷轧专用钢、热轧酸洗板、耐候钢、能源用钢、汽车结构钢、高强工程机械用钢、管线钢、桥梁钢、船板海工钢)合计产量1727万吨，占公司钢材总产量的74%，同比提高5个百分点。","12","1","0","[""[\""[]\""]""]","no_penalty","会计方向初审-2026-10-10","模型预填 deepseek-chat@v1","公司自述三大战略产品及九类重点产品合计产量1727万吨、占钢材总产量74%、同比提高5个百分点，对象、期间、指标、结果俱全，是实质经营表述。"
"p-000959","cl-7a1b86301861","无取向中低牌号电工钢产量58.7万吨，同比增长6.5%；","12","1","0","[""[\""period\""]""]","no_penalty","会计方向初审-2026-10-10","模型预填 deepseek-chat@v1","有对象（无取向中低牌号电工钢）、指标（产量58.7万吨）、结果（同比增长6.5%），但原文未写明期间，故缺period。"
"p-000959","cl-8c48043ee9ed","产量20.6万吨，同比增长6.8%。","12","1","0","[""[\""object\"", \""period\""]""]","no_penalty","会计方向初审-2026-10-10","模型预填 deepseek-chat@v1","有指标（产量20.6万吨）和结果（同比增长6.8%），但原文未指明是什么产品/主体的产量，也未写明期间，故缺object和period。"
"p-000959","cl-95c6d33c9f30","报告期内，三大战略产品(电工钢、汽车板、镀锡(铬)板)及九类重点产品(冷轧专用钢、热轧酸洗板、耐候钢、能源用钢、汽车结构钢、高强工程机械用钢、管线钢、桥梁钢、船板海工钢)合计产量1593万吨，占公司钢材总产量的69%，同比提高6个百分点。","12","1","0","[""[\""[]\""]""]","no_penalty","会计方向初审-2026-10-10","模型预填 deepseek-chat@v1","公司自述三大战略产品及九类重点产品合计产量1593万吨、占钢材总产量69%、同比提高6个百分点，对象、期间、指标、结果俱全，是实质经营表述。"
"p-000959","cl-9f02df90b80f","智新电磁：金属软磁材料(电工钢)产量169.5万吨，同比增长14.2%。","12","1","0","[""[\""period\""]""]","no_penalty","会计方向初审-2026-10-10","模型预填 deepseek-chat@v1","公司自述智新电磁金属软磁材料(电工钢)产量169.5万吨、同比增长14.2%，对象、指标、结果俱全，是实质经营表述。"
"p-000959","cl-b34186b8cc7b","其中取向电工钢产量30.0万吨，同比增长46.3%；","12","1","0","[""[\""period\""]""]","no_penalty","会计方向初审-2026-10-10","模型预填 deepseek-chat@v1","有对象（取向电工钢）、指标（产量30.0万吨）、结果（同比增长46.3%），但原文未写明期间，故缺period。"
"p-000959","cl-c470438cb043","公司主要产品产量完成情况：迁钢公司：铁803万吨，同比增长4%；","12","1","0","","no_penalty","会计方向初审-2026-10-10","模型预填 deepseek-chat@v1","公司自述迁钢公司铁产量803万吨、同比增长4%，对象、期间、指标、结果俱全，是实质经营表述。"
"p-000959","cl-d89fd892c470","报告期内，公司主要产品产量完成情况：(1)迁钢公司：铁697万吨，同比下降6.32%；","12","1","0","","no_penalty","会计方向初审-2026-10-10","模型预填 deepseek-chat@v1","公司自述迁钢公司铁产量697万吨、同比下降6.32%，有对象（迁钢公司/铁）、期间（报告期内）、指标（产量）、结果（697万吨、-6.32%），是实质经营表述。"
"p-000959","cl-159d926d35d6","抓住冰箱、压缩机出口需求增长机遇，完成压缩机领域销量68万吨，同比增长42%。","13","1","0","[""period""]","no_penalty","会计方向初审-2026-10-10","模型预填 deepseek-chat@v1","有对象（压缩机领域）、指标与结果（销量68万吨、同比增长42%），但未写明对应期间。"
"p-000959","cl-34411f2a559b","完善一线服务资源配置，加强产线资源、冷热产品平衡及合同组织力度，积极合并小订单，推进迁钢公司、京唐公司互供料，通过拓展连浇、工艺归并，提升产品保供能力，全年合同兑现率达到95.7%，重点客户整单兑现率完成93.3%；","13","1","0","","no_penalty","会计方向初审-2026-10-10","模型预填 deepseek-chat@v1","公司自述具体经营动作（合并小订单、迁钢与京唐互供料、拓展连浇工艺归并）并给出结果数字（合同兑现率95.7%、重点客户整单兑现率93.3%），对象、期间、指标、结果齐全。"
"p-000959","cl-e97ccc1b5b85","新能源汽车用产品销量同比增长2倍，无取向电工钢35SW300及以上超高牌号产品占比47.2%，实现向沃尔沃、大众、蔚来等汽车客户批量供货。","13","1","0","[""period""]","no_penalty","会计方向初审-2026-10-10","模型预填 deepseek-chat@v1","有具体产品（新能源汽车用产品、无取向电工钢35SW300及以上）、具体指标（销量同比增长2倍、占比47.2%）和具体客户（沃尔沃、大众、蔚来），但未点明是哪一年/哪一期。"
"p-000959","cl-dc3ef7053d16","相关数据同比发生变动30%以上的原因说明√适用□不适用本期钢材市场好转，公司加大产品销售力度，库存量降低。","14","1","0","[""metric"", ""result""]","no_penalty","会计方向初审-2026-10-10","模型预填 deepseek-chat@v1","公司解释了变动原因（钢材市场好转、加大销售力度、库存量降低），属实质经营表述；但未给出具体变动指标数值和变动结果幅度，仅笼统说30%以上。"
"p-000959","cl-0a77705a342e","热卷生产量853万吨,同比增长0.12%；","17","1","0","[""period""]","no_penalty","会计方向初审-2026-10-10","模型预填 deepseek-chat@v1","有对象（热卷）、指标（生产量）和结果（853万吨、同比增长0.12%），但未标明期间。"
"p-000959","cl-4d8afbe7eaf9","②冷轧公司：板材产量156万吨，同比下降8.5%。","17","1","0","[""period""]","no_penalty","会计方向初审-2026-10-10","模型预填 deepseek-chat@v1","有主体（冷轧公司）、对象（板材）、指标（产量）和结果（156万吨、同比下降8.5%），但未标明期间。"
"p-000959","cl-71d0d530e8fc","相关数据同比发生重大变动的主要影响因素说明√适用□不适用经营活动现金流入、经营活动现金流出同比增加主要原因，一是钢材价格及上游原燃料价格上涨，二是京唐二期投产后钢材销售量增加，营业收入和采购额增加，相应的现金流入和现金流出增加。","17","1","0","[""metric"", ""result""]","no_penalty","会计方向初审-2026-10-10","模型预填 deepseek-chat@v1","公司具体说明现金流变动原因（钢材及原燃料价格上涨、京唐二期投产后销量增加带动营收和采购额增加），属实质经营表述；但未给出具体变动指标数值和结果幅度。"
"p-000959","cl-d4b54e770994","热卷生产量662万吨，同比下降7.02%；","17","1","0","[""period""]","no_penalty","会计方向初审-2026-10-10","模型预填 deepseek-chat@v1","有对象（热卷）、指标（生产量）和结果（662万吨、同比下降7.02%），但未标明是哪一期数据。"
"p-000959","cl-167afe8f0049","②冷轧公司：冷轧板材产量170万吨，同比下降3.4%。","23","1","0","[""period""]","no_penalty","会计方向初审-2026-10-10","模型预填 deepseek-chat@v1","原文给出冷轧公司冷轧板材产量170万吨、同比下降3.4%，是具体主体的具体产品产量与变动，属实质经营表述；但未指明期间，故缺period。"
"p-000959","cl-622b3e1f0b53","钢材684(含供冷轧公司170万吨)万吨，同比增长4.8%②冷轧公司：冷轧板材产量160万吨，同比增长0.6%。","23","1","0","[""period""]","no_penalty","会计方向初审-2026-10-10","模型预填 deepseek-chat@v1","原文给出钢材产量684万吨、同比增长4.8%以及冷轧板材产量160万吨、同比增长0.6%，是公司具体产品的产量与增速，属实质经营表述；但未指明是哪一年/哪一期，故缺period。"
"p-000959","cl-4a99443db23c","飞、魏雨迪、王宏  就投资者关注的产量  详见公司于2024年2024年  玉，华泰证券王鑫  调控、电工钢产量、  8月26日在互动平08月23  公司会议室  电话沟通  机构  延，华创证券马  汽车板需求、资本开  台发布的投资者活日  野，招商证券贾宏  支等问题进行解答。","24","0","0","[""[]""]","no_penalty","会计方向初审-2026-10-10","模型预填 deepseek-chat@v1","原文同样是投资者活动记录表格碎片，含机构名、人名与'详见公司于2024年8月26日在互动平台发布的投资者活动记录'等栏目文字，未构成公司对自身经营的陈述。"
"p-000959","cl-607c253e688f","广发证券陈琪玮，  就投资者关注的电工  详见公司于2024年2024年  兴证全球基金刘  钢优势及需求、汽车  7月4日在互动平07月03  公司会议室  电话沟通  机构  洋、张睿、李跃、  板情况等问题进行解  台发布的投资者活日  吴钊华、乔迁  答。","24","0","0","[""[]""]","no_penalty","会计方向初审-2026-10-10","模型预填 deepseek-chat@v1","原文是投资者活动记录表格的碎片，混杂机构名、人名、日期与栏目文字（如'详见公司于2024年7月4日在互动平台发布的投资者活动记录'），并非公司在陈述自身经营，属表格/记录性文字，故判非实质表述。"
"p-000959","cl-c20e80ecff56","对投资者关注广发证券、中加基金、  的公司电工钢德沣投资、嘉合基金、  产品、产能，  详见公司于中金公司、淡水泉(北  汽车板需求、  2023年11月2023年11月  实地调  京)资管、尚诚资管、泰公司会议室  机构  发展规划，公  19日在互动平17日  研  旸资管、正圆投资、雪  司研发投入、  台发布的投资石资管、兴业银行、正  资本开支，原  者活动记录心谷资本、远信投资等  燃料情况等问机构分析师  题进行解答对投资者关注","26","0","0","[""[]""]","no_penalty","会计方向初审-2026-10-10","模型预填 deepseek-chat@v1","原文为投资者活动记录表格的错位拼接文字（机构名单、'公司会议室''实地调研''详见公司于2023年11月19日在互动平台发布的投资者活动记录'等），属表格栏目内容而非公司经营表述。"
"p-000959","cl-8fbc424ac24f","新，工银安盛范彦君，国金基  电工钢产品未  详见公司于金吴佩苇，瀚卿鸿儒晏昕，杭  来规划，铁矿  2022年5月2022年05月  电话  州威曼李强，华美国际付楠，公司会议室  机构  石价格走势，  13日在互动平12日  沟通  华润元大苏展，金鹰基金席俊  压减粗钢产量  台发布的投资峰，上海铭大实业王子珩，上  政策影响等  者活动记录海趣时章秀奇，天津银行姜运亚，西藏合众易晟庞宇铭，兴银基金石亮，寻常(上海)投资龚亦鸣，中国山东高速资本王子健，中科沃土徐伟，中信保诚胡喆，上海东方证券王延飞，华福证券魏征宇，中信证券曾征、王晗，广发证券李莎等35家机构40余位机构投资者中国太保陈晓晓，工银瑞信殷悦，交银理财王哲君，汇丰晋信郑小兵，中金资管徐榕，上","29","0","0","[""[]""]","no_penalty","会计方向初审-2026-10-10","模型预填 deepseek-chat@v1","原文是投资者活动记录表格碎片，罗列大量机构与个人姓名及'详见公司于2022年5月13日在互动平台发布的投资者活动记录'等栏目文字，不是公司对自身经营的陈述。"
"p-000959","cl-f64910a9a813","海古曲赵朕，国海富兰克林张  能源汽车用电  详见公司于登科，睿远基金崔霖，太平基  工钢销量增长  2022年6月2022年06月  电话  金魏志羽，中海基金马涛、包  情况，压减粗公司会议室  机构  17日在互动平15日  沟通  江麟，博时基金陈曦，国寿资  钢产量政策、  台发布的投资产崔欣扬，太保资产张喆、魏  原料价格上涨  者活动记录巍，景顺长城李建霖，润晖投  的影响等资蒋旸晶，融通基金赵逸翔，长信基金朱敏，长江养老马睿，阳光资产何欣知，中信建","29","0","0","[""[]""]","no_penalty","会计方向初审-2026-10-10","模型预填 deepseek-chat@v1","原文为投资者活动记录表格的错位文字，含机构与个人名单及'详见公司于2022年6月17日在互动平台发布的投资者活动记录'等栏目内容，未构成公司经营表述。"
"p-000959","cl-0fcc1801471e","资蒋旸晶，融通基金赵逸翔，  能源汽车用电  详见公司于长信基金朱敏，长江养老马  工钢销量增长  2022年6月2022年06月  电话  睿，阳光资产何欣知，中信建  情况，压减粗公司会议室  机构  17日在互动平16日  沟通  投证券(自营)王慧娴，衍航投  钢产量政策、  台发布的投资资庞兴华，禾永投资(北京)马  原料价格上涨  者活动记录哲峰，泰霖投资陈永强，建信  的影响等基金杨荔媛，华夏基金佟巍，嘉实基金焦云，光大保德信顾丽萍，深圳启元财富范曜宇，盈峰资本张庭坚，远信(珠海)私募基金巍华，杭州乾璐投资李翔，重阳投资贺建青，正圆投资唐哲，光大证券戴默，国泰君安李鹏飞、魏雨迪、王宏玉淡水泉(北京)投资管理曹阳，","30","0","0","[""[]""]","no_penalty","会计方向初审-2026-10-10","模型预填 deepseek-chat@v1","原文同样是投资者活动记录表格碎片，主体为机构与个人姓名清单及'详见公司于2022年6月17日在互动平台发布的投资者活动记录'等栏目文字，非公司自身经营陈述。"
"p-000959","cl-f36c12235af3","国华兴益保险资产管理有限公  详见公司于电工钢产品竞司韩冬伟，冠丰资产唐哲，重  2022年7月82022年07月  电话  争优势，压减公司会议室  机构  阳投资贺建青，3wfund刘思  日在互动平台07日  沟通  粗钢产量政策蒙，展博投资肖斌，雷克资管  发布的投资者影响等郭佳宜，银优资产孙嘉琪，招  活动记录商证券岳恒宇、唐笑","30","0","0","[""[]""]","no_penalty","会计方向初审-2026-10-10","模型预填 deepseek-chat@v1","这段文字是投资者关系活动记录表的表格内容（机构名单、日期、地点、沟通方式等），属于表格行标签与栏目信息，不是公司在陈述自己干了什么，故判非实质表述；因是表格碎片，五要素均无从谈起。"
"p-000959","cl-0cca6e3c4f26","资管理有限公司、中银基金、  详见公司于恒越基金、趣时资管、中和资  电工钢生产情  2022年12月2022年12月  电话  本、泰达宏利基金、北京京西  况、未来供需公司会议室  机构  30日在互动平29日  沟通  创业投资基金管理有限公司、  形势，汽车板  台发布的投资FidelityFunds、中邮证券、  产量情况等  者活动记录长江证券、华创证券、中信建投证券等分析师和机构投资者","31","0","0","[""[]""]","no_penalty","会计方向初审-2026-10-10","模型预填 deepseek-chat@v1","与上一条几乎相同的表格碎片，内容为机构名单、'电工钢生产情况、未来供需形势，汽车板产量情况等'及日期、沟通方式等栏目文字，属表格行标签，不构成公司实质经营表述。"
"p-000959","cl-781d40432c81","资管理有限公司、中银基金、  详见公司于恒越基金、趣时资管、中和资  电工钢生产情  2022年12月2022年12月  电话  本、泰达宏利基金、北京京西  况、未来供需公司会议室  机构  30日在互动平28日  沟通  创业投资基金管理有限公司、  形势，汽车板  台发布的投资FidelityFunds、中邮证券、  产量情况等  者活动记录长江证券、华创证券、中信建投证券等分析师和机构投资者汇添富基金、淡水泉(北京)投","31","0","0","[""[]""]","no_penalty","会计方向初审-2026-10-10","模型预填 deepseek-chat@v1","同样是投资者活动记录表的表格碎片（机构名称、'电工钢生产情况、未来供需形势，汽车板产量情况等'、日期、'电话沟通'等栏目），属于表格行标签与数字/栏目信息，不是公司对自身经营的陈述。"
"p-000959","cl-cb51c24ef6c7","2016年营业收入327.01亿元，同比下降11.9%。","18","1","0","","no_penalty","会计方向初审-2026-10-10","",""
"p-000959","cl-526ca884203d","营业收入690.5亿元，同比增长4.97%。","22","1","0","","no_penalty","会计方向初审-2026-10-10","",""
"p-000959","cl-676f856933b3","2017年营业收入448.5亿元，同比增加30亿元，增幅7.2%。","23","1","0","","no_penalty","会计方向初审-2026-10-10","",""
"p-000959","cl-961660c8f82c","营业收入614.77亿元，同比增长2.03%。","23","1","0","","no_penalty","会计方向初审-2026-10-10","",""
"p-000959","cl-f2d772996bab","营业收入1214亿元，同比减少126亿元，同比降低9.4%。","23","1","0","","no_penalty","会计方向初审-2026-10-10","",""
"p-000959","cl-0efc82852ebb","营业收入716.4亿元，同比增长3.57%。","24","1","0","","no_penalty","会计方向初审-2026-10-10","",""
"p-000959","cl-f7a77fbb24d4","营业收入1077.6亿元，同比降低8.8%。","25","1","0","","no_penalty","会计方向初审-2026-10-10","",""
"p-000959","cl-a41b2287458f","营业收入874亿元，同比增长9.3%。","27","1","0","","no_penalty","会计方向初审-2026-10-10","",""
